antecedents,consequents,antecedent support,consequent support,support,confidence,lift,leverage,conviction,zhangs_metric
frozenset({'WOODEN STAR CHRISTMAS SCANDINAVIAN'}),frozenset({'WOODEN HEART CHRISTMAS SCANDINAVIAN'}),0.026920699151351656,0.02860675546563255,0.020682290788512338,0.768267223382046,26.856146769423862,0.01991217693092576,4.191868145332992,0.9893999138671394
frozenset({'WOODEN HEART CHRISTMAS SCANDINAVIAN'}),frozenset({'WOODEN STAR CHRISTMAS SCANDINAVIAN'}),0.02860675546563255,0.026920699151351656,0.020682290788512338,0.7229862475442044,26.85614676942386,0.01991217693092576,3.512747263347249,0.9911172245253212
frozenset({'PINK REGENCY TEACUP AND SAUCER'}),"frozenset({'GREEN REGENCY TEACUP AND SAUCER', 'ROSES REGENCY TEACUP AND SAUCER '})",0.039509919631315685,0.03939751587703029,0.027707525431349408,0.7012802275960172,17.800112823988496,0.02615093274537446,3.215731173040228,0.9826447977952304
"frozenset({'GREEN REGENCY TEACUP AND SAUCER', 'ROSES REGENCY TEACUP AND SAUCER '})",frozenset({'PINK REGENCY TEACUP AND SAUCER'}),0.03939751587703029,0.039509919631315685,0.027707525431349408,0.703281027104137,17.800112823988492,0.02615093274537446,3.2370362804733066,0.9825298147858933
"frozenset({'PINK REGENCY TEACUP AND SAUCER', 'ROSES REGENCY TEACUP AND SAUCER '})",frozenset({'GREEN REGENCY TEACUP AND SAUCER'}),0.030686224919912325,0.05249255325127859,0.027707525431349408,0.9029304029304029,17.20111419629621,0.0260967271356602,9.761114451411357,0.9716814671358314
frozenset({'GREEN REGENCY TEACUP AND SAUCER'}),"frozenset({'PINK REGENCY TEACUP AND SAUCER', 'ROSES REGENCY TEACUP AND SAUCER '})",0.05249255325127859,0.030686224919912325,0.027707525431349408,0.5278372591006424,17.20111419629621,0.0260967271356602,2.0529230519836776,0.9940441463723639
"frozenset({'PINK REGENCY TEACUP AND SAUCER', 'GREEN REGENCY TEACUP AND SAUCER'})",frozenset({'ROSES REGENCY TEACUP AND SAUCER '}),0.03242848311133592,0.053785196425560615,0.027707525431349408,0.854419410745234,15.885772806050102,0.02596335309742323,6.499594543600614,0.9684561556964794
frozenset({'ROSES REGENCY TEACUP AND SAUCER '}),"frozenset({'PINK REGENCY TEACUP AND SAUCER', 'GREEN REGENCY TEACUP AND SAUCER'})",0.053785196425560615,0.03242848311133592,0.027707525431349408,0.5151515151515151,15.8857728060501,0.02596335309742323,1.9956162535828696,0.9903148714938577
frozenset({'PINK REGENCY TEACUP AND SAUCER'}),frozenset({'GREEN REGENCY TEACUP AND SAUCER'}),0.039509919631315685,0.05249255325127859,0.03242848311133592,0.8207681365576103,15.635896631444925,0.030354506551135346,5.286489960828185,0.9745489522793489
frozenset({'GREEN REGENCY TEACUP AND SAUCER'}),frozenset({'PINK REGENCY TEACUP AND SAUCER'}),0.05249255325127859,0.039509919631315685,0.03242848311133592,0.6177730192719486,15.635896631444924,0.030354506551135346,2.512878809704065,0.98790210537126
frozenset({'SPACEBOY LUNCH BOX '}),frozenset({'DOLLY GIRL LUNCH BOX'}),0.03939751587703029,0.0392851121227449,0.023941999662788736,0.6077032810271041,15.469047896016114,0.02239426383420198,2.448949586916203,0.973716803512392
frozenset({'DOLLY GIRL LUNCH BOX'}),frozenset({'SPACEBOY LUNCH BOX '}),0.0392851121227449,0.03939751587703029,0.023941999662788736,0.6094420600858368,15.469047896016113,0.02239426383420198,2.4595646022049658,0.9736028785324561
frozenset({'GREEN REGENCY TEACUP AND SAUCER'}),"frozenset({'REGENCY CAKESTAND 3 TIER', 'ROSES REGENCY TEACUP AND SAUCER '})",0.05249255325127859,0.025515652222784242,0.020176473894228067,0.38436830835117775,15.064020507692742,0.01883709216118246,1.582901531867686,0.9853396539312379
"frozenset({'REGENCY CAKESTAND 3 TIER', 'ROSES REGENCY TEACUP AND SAUCER '})",frozenset({'GREEN REGENCY TEACUP AND SAUCER'}),0.025515652222784242,0.05249255325127859,0.020176473894228067,0.790748898678414,15.064020507692742,0.01883709216118246,4.528088219199152,0.9580622426683626
"frozenset({'REGENCY CAKESTAND 3 TIER', 'GREEN REGENCY TEACUP AND SAUCER'})",frozenset({'ROSES REGENCY TEACUP AND SAUCER '}),0.025515652222784242,0.053785196425560615,0.020176473894228067,0.790748898678414,14.701980307403366,0.018804109527499325,4.521910745503109,0.9563847323750972
frozenset({'ROSES REGENCY TEACUP AND SAUCER '}),"frozenset({'REGENCY CAKESTAND 3 TIER', 'GREEN REGENCY TEACUP AND SAUCER'})",0.053785196425560615,0.025515652222784242,0.020176473894228067,0.37513061650992685,14.701980307403366,0.018804109527499325,1.5595008709411295,0.9849581180002264
frozenset({'STRAWBERRY CHARLOTTE BAG'}),frozenset({'WOODLAND CHARLOTTE BAG'}),0.03782386331703479,0.038385882088461755,0.021019502051368516,0.5557206537890045,14.47721463084591,0.019567599693950725,2.1644357904831617,0.9675213341496327
frozenset({'WOODLAND CHARLOTTE BAG'}),frozenset({'STRAWBERRY CHARLOTTE BAG'}),0.038385882088461755,0.03782386331703479,0.021019502051368516,0.5475841874084919,14.477214630845909,0.019567599693950725,2.1267517843186576,0.9680868054144774
frozenset({'PINK REGENCY TEACUP AND SAUCER'}),frozenset({'ROSES REGENCY TEACUP AND SAUCER '}),0.039509919631315685,0.053785196425560615,0.030686224919912325,0.7766714082503556,14.44024489759517,0.028561176131783897,4.2368726554957385,0.9690356162269561
frozenset({'ROSES REGENCY TEACUP AND SAUCER '}),frozenset({'PINK REGENCY TEACUP AND SAUCER'}),0.053785196425560615,0.039509919631315685,0.030686224919912325,0.5705329153605015,14.44024489759517,0.028561176131783897,2.2364696031942355,0.9836551842075719
frozenset({'GARDENERS KNEELING PAD CUP OF TEA '}),frozenset({'GARDENERS KNEELING PAD KEEP CALM '}),0.04215140785702243,0.050469285674141516,0.03040521553419884,0.7213333333333333,14.292521158129174,0.028277864089495522,3.4074068695904005,0.9709606981926654
frozenset({'GARDENERS KNEELING PAD KEEP CALM '}),frozenset({'GARDENERS KNEELING PAD CUP OF TEA '}),0.050469285674141516,0.04215140785702243,0.03040521553419884,0.6024498886414253,14.292521158129174,0.028277864089495522,2.4093782513848563,0.9794663024147734
frozenset({'CHARLOTTE BAG PINK POLKADOT'}),frozenset({'STRAWBERRY CHARLOTTE BAG'}),0.037880065194177484,0.03782386331703479,0.020345079525656156,0.5370919881305638,14.199818342952634,0.01891230911731122,2.0785471670651234,0.966175349091943
frozenset({'STRAWBERRY CHARLOTTE BAG'}),frozenset({'CHARLOTTE BAG PINK POLKADOT'}),0.03782386331703479,0.037880065194177484,0.020345079525656156,0.537890044576523,14.199818342952632,0.01891230911731122,2.0820151643868763,0.9661189136159445
frozenset({'RED RETROSPOT CHARLOTTE BAG'}),frozenset({'CHARLOTTE BAG PINK POLKADOT'}),0.05086269881414039,0.037880065194177484,0.026920699151351656,0.5292817679558012,13.972567503319837,0.024994016804320205,2.043940237087487,0.9781842847239186
frozenset({'CHARLOTTE BAG PINK POLKADOT'}),frozenset({'RED RETROSPOT CHARLOTTE BAG'}),0.037880065194177484,0.05086269881414039,0.026920699151351656,0.7106824925816024,13.972567503319837,0.024994016804320205,3.2806079025603565,0.9649848823189169
frozenset({'ROSES REGENCY TEACUP AND SAUCER '}),frozenset({'GREEN REGENCY TEACUP AND SAUCER'}),0.053785196425560615,0.05249255325127859,0.03939751587703029,0.7324973876698014,13.95431051264323,0.03657419358953107,3.5420493224161187,0.981106565002852
frozenset({'GREEN REGENCY TEACUP AND SAUCER'}),frozenset({'ROSES REGENCY TEACUP AND SAUCER '}),0.05249255325127859,0.053785196425560615,0.03939751587703029,0.7505353319057815,13.954310512643229,0.03657419358953107,3.7929812297790817,0.9797680840137621
frozenset({'CHARLOTTE BAG PINK POLKADOT'}),frozenset({'WOODLAND CHARLOTTE BAG'}),0.037880065194177484,0.038385882088461755,0.020064070139942675,0.5296735905044511,13.798656216465151,0.018610010423895734,2.044567556695195,0.9640473515184449
frozenset({'WOODLAND CHARLOTTE BAG'}),frozenset({'CHARLOTTE BAG PINK POLKADOT'}),0.038385882088461755,0.037880065194177484,0.020064070139942675,0.5226939970717424,13.798656216465151,0.018610010423895734,2.0157298020625056,0.9645544483135159
frozenset({'JUMBO BAG APPLES'}),frozenset({'JUMBO BAG PEARS'}),0.04973866127128646,0.030798628674197717,0.02090709829708312,0.42033898305084744,13.647977236174688,0.01937521573783707,1.672014061643928,0.975236002045224
frozenset({'JUMBO BAG PEARS'}),frozenset({'JUMBO BAG APPLES'}),0.030798628674197717,0.04973866127128646,0.02090709829708312,0.6788321167883211,13.647977236174686,0.01937521573783707,2.958768259223494,0.956178041321
frozenset({'CHARLOTTE BAG SUKI DESIGN'}),frozenset({'WOODLAND CHARLOTTE BAG'}),0.04518630922272804,0.038385882088461755,0.02321137525993368,0.513681592039801,13.382044754266735,0.02147685892209727,1.9773344010252605,0.9690613082927751
frozenset({'WOODLAND CHARLOTTE BAG'}),frozenset({'CHARLOTTE BAG SUKI DESIGN'}),0.038385882088461755,0.04518630922272804,0.02321137525993368,0.6046852122986823,13.382044754266735,0.02147685892209727,2.4153250029662106,0.9622082154638198
frozenset({'STRAWBERRY CHARLOTTE BAG'}),frozenset({'RED RETROSPOT CHARLOTTE BAG'}),0.03782386331703479,0.05086269881414039,0.02574045973135503,0.6805349182763746,13.379842873913296,0.023816635963473474,2.9710204823166686,0.961633396930988
frozenset({'RED RETROSPOT CHARLOTTE BAG'}),frozenset({'STRAWBERRY CHARLOTTE BAG'}),0.05086269881414039,0.03782386331703479,0.02574045973135503,0.5060773480662983,13.379842873913294,0.023816635963473474,1.9480299859017527,0.9748438983573255
frozenset({'CHOCOLATE HOT WATER BOTTLE'}),frozenset({'HOT WATER BOTTLE I AM SO POORLY'}),0.046085539257011185,0.03568819198561232,0.021300511437082,0.46219512195121953,12.950925676973306,0.019655801864317313,1.7930514344031696,0.9673670754746754
frozenset({'HOT WATER BOTTLE I AM SO POORLY'}),frozenset({'CHOCOLATE HOT WATER BOTTLE'}),0.03568819198561232,0.046085539257011185,0.021300511437082,0.5968503937007874,12.950925676973306,0.019655801864317313,2.3661550100460857,0.9569367858743246
frozenset({'STRAWBERRY CHARLOTTE BAG'}),frozenset({'CHARLOTTE BAG SUKI DESIGN'}),0.03782386331703479,0.04518630922272804,0.022087337717079752,0.5839524517087668,12.923216384644387,0.02037821693323802,2.294962906761086,0.9588887600770494
frozenset({'CHARLOTTE BAG SUKI DESIGN'}),frozenset({'STRAWBERRY CHARLOTTE BAG'}),0.04518630922272804,0.03782386331703479,0.022087337717079752,0.48880597014925375,12.923216384644387,0.02037821693323802,1.8822131724893043,0.966282628319447
frozenset({'CHARLOTTE BAG SUKI DESIGN'}),frozenset({'CHARLOTTE BAG PINK POLKADOT'}),0.04518630922272804,0.037880065194177484,0.02158152082279548,0.47761194029850745,12.608530050046504,0.01986986048355428,1.841772446628289,0.9642599623285656
frozenset({'CHARLOTTE BAG PINK POLKADOT'}),frozenset({'CHARLOTTE BAG SUKI DESIGN'}),0.037880065194177484,0.04518630922272804,0.02158152082279548,0.56973293768546,12.608530050046504,0.01986986048355428,2.2191187158064873,0.9569374671417723
frozenset({'RED RETROSPOT CHARLOTTE BAG'}),frozenset({'WOODLAND CHARLOTTE BAG'}),0.05086269881414039,0.038385882088461755,0.02422300904850222,0.47624309392265196,12.406725285747799,0.022270599489121683,1.8359931998100045,0.9686676023612917
frozenset({'WOODLAND CHARLOTTE BAG'}),frozenset({'RED RETROSPOT CHARLOTTE BAG'}),0.038385882088461755,0.05086269881414039,0.02422300904850222,0.6310395314787701,12.406725285747797,0.022270599489121683,2.5724633996426274,0.956099267602425
frozenset({'JUMBO BAG WOODLAND ANIMALS'}),frozenset({'DOTCOM POSTAGE'}),0.04130837969988198,0.039790929017029165,0.020288877648513462,0.49115646258503404,12.343427879626429,0.01864517884406697,1.8870418908355173,0.9585827268803292
frozenset({'DOTCOM POSTAGE'}),frozenset({'JUMBO BAG WOODLAND ANIMALS'}),0.039790929017029165,0.04130837969988198,0.020288877648513462,0.5098870056497176,12.343427879626427,0.01864517884406697,1.956062441419261,0.9570678463637492
frozenset({'ALARM CLOCK BAKELIKE GREEN'}),frozenset({'ALARM CLOCK BAKELIKE RED '}),0.04923284437700219,0.05226774574270781,0.03164165683133817,0.6426940639269407,12.296188687582855,0.02906836703925072,2.652439152490058,0.9662449755997073
frozenset({'ALARM CLOCK BAKELIKE RED '}),frozenset({'ALARM CLOCK BAKELIKE GREEN'}),0.05226774574270781,0.04923284437700219,0.03164165683133817,0.6053763440860215,12.296188687582854,0.02906836703925072,2.4093009665650897,0.9693391598304126
frozenset({'RED RETROSPOT CHARLOTTE BAG'}),frozenset({'CHARLOTTE BAG SUKI DESIGN'}),0.05086269881414039,0.04518630922272804,0.02669589164278087,0.5248618784530387,11.615506720540942,0.024397594006262638,2.009549744542863,0.9628830187738413
frozenset({'CHARLOTTE BAG SUKI DESIGN'}),frozenset({'RED RETROSPOT CHARLOTTE BAG'}),0.04518630922272804,0.05086269881414039,0.02669589164278087,0.5907960199004976,11.615506720540942,0.024397594006262638,2.3194723104967516,0.9571586568398747
frozenset({'ALARM CLOCK BAKELIKE RED '}),frozenset({'ALARM CLOCK BAKELIKE PINK'}),0.05226774574270781,0.03686843140560895,0.022087337717079752,0.42258064516129035,11.461855822187253,0.02016030791843892,1.6679932193534148,0.9630927822917784
frozenset({'ALARM CLOCK BAKELIKE PINK'}),frozenset({'ALARM CLOCK BAKELIKE RED '}),0.03686843140560895,0.05226774574270781,0.022087337717079752,0.5990853658536586,11.461855822187253,0.02016030791843892,2.3639253186037403,0.9476940881009663
"frozenset({""PAPER CHAIN KIT 50'S CHRISTMAS ""})",frozenset({'PAPER CHAIN KIT VINTAGE CHRISTMAS'}),0.06322711178553364,0.044961501714157255,0.03023660990277075,0.47822222222222216,10.636259999999998,0.027393824007844268,1.8303548732054051,0.9671308823175186
frozenset({'PAPER CHAIN KIT VINTAGE CHRISTMAS'}),"frozenset({""PAPER CHAIN KIT 50'S CHRISTMAS ""})",0.044961501714157255,0.06322711178553364,0.03023660990277075,0.6725,10.636259999999998,0.027393824007844268,2.8603752311892103,0.9486339990860001
frozenset({'WOODEN FRAME ANTIQUE WHITE '}),frozenset({'WOODEN PICTURE FRAME WHITE FINISH'}),0.052942168268420166,0.0604732198055415,0.029674591131343787,0.5605095541401274,9.268723510051382,0.02647300775266565,2.1377638331960864,0.9419807834441981
frozenset({'WOODEN PICTURE FRAME WHITE FINISH'}),frozenset({'WOODEN FRAME ANTIQUE WHITE '}),0.0604732198055415,0.052942168268420166,0.029674591131343787,0.49070631970260226,9.268723510051382,0.02647300775266565,1.8595515090204013,0.9495315057616905
frozenset({'JUMBO STORAGE BAG SUKI'}),"frozenset({'JUMBO BAG RED RETROSPOT', 'JUMBO SHOPPER VINTAGE RED PAISLEY'})",0.06350812117124711,0.03692463328275165,0.02158152082279548,0.3398230088495575,9.20315189719966,0.019236506738070626,1.45881389328484,0.9517878308227811
"frozenset({'JUMBO BAG RED RETROSPOT', 'JUMBO SHOPPER VINTAGE RED PAISLEY'})",frozenset({'JUMBO STORAGE BAG SUKI'}),0.03692463328275165,0.06350812117124711,0.02158152082279548,0.5844748858447488,9.20315189719966,0.019236506738070626,2.253755180917548,0.9255159094887956
frozenset({'JUMBO BAG WOODLAND ANIMALS'}),frozenset({'JUMBO STORAGE BAG SUKI'}),0.04130837969988198,0.06350812117124711,0.02388579778564604,0.5782312925170068,9.104840166154958,0.021262380202278053,2.2203920352875266,0.9285241356479279
frozenset({'JUMBO STORAGE BAG SUKI'}),frozenset({'JUMBO BAG WOODLAND ANIMALS'}),0.06350812117124711,0.04130837969988198,0.02388579778564604,0.3761061946902655,9.104840166154958,0.021262380202278053,1.5366262850200474,0.950535000052953
"frozenset({'JUMBO BAG RED RETROSPOT', 'JUMBO STORAGE BAG SUKI'})",frozenset({'JUMBO BAG PINK POLKADOT'}),0.039228910245602204,0.06513797560838532,0.02276176024279211,0.5802292263610315,8.907695103228502,0.020206468444070536,2.227077450598454,0.9239844153405623
frozenset({'JUMBO BAG PINK POLKADOT'}),"frozenset({'JUMBO BAG RED RETROSPOT', 'JUMBO STORAGE BAG SUKI'})",0.06513797560838532,0.039228910245602204,0.02276176024279211,0.34943917169974115,8.907695103228502,0.020206468444070536,1.4768351366383914,0.9495920151645373
frozenset({'DOTCOM POSTAGE'}),frozenset({'JUMBO STORAGE BAG SUKI'}),0.039790929017029165,0.06350812117124711,0.022199741471365143,0.557909604519774,8.784854507274638,0.019672694329835164,2.118326677989639,0.9228903879707939
frozenset({'JUMBO STORAGE BAG SUKI'}),frozenset({'DOTCOM POSTAGE'}),0.06350812117124711,0.039790929017029165,0.022199741471365143,0.34955752212389385,8.784854507274638,0.019672694329835164,1.4762397962051115,0.9462631145940716
frozenset({'JUMBO BAG ALPHABET'}),frozenset({'JUMBO BAG APPLES'}),0.04765919181700669,0.04973866127128646,0.02062608891136964,0.43278301886792453,8.701139270866646,0.018255584513120277,1.6753048133928254,0.9293653212066929
frozenset({'JUMBO BAG APPLES'}),frozenset({'JUMBO BAG ALPHABET'}),0.04973866127128646,0.04765919181700669,0.02062608891136964,0.41468926553672314,8.701139270866644,0.018255584513120277,1.6270687552933378,0.9313990636294897
frozenset({'JUMBO SHOPPER VINTAGE RED PAISLEY'}),"frozenset({'JUMBO BAG RED RETROSPOT', 'JUMBO STORAGE BAG SUKI'})",0.06367672680267521,0.039228910245602204,0.02158152082279548,0.3389232127096205,8.639628544043378,0.019083552222319604,1.4533426497886952,0.944389943477391
"frozenset({'JUMBO BAG RED RETROSPOT', 'JUMBO STORAGE BAG SUKI'})",frozenset({'JUMBO SHOPPER VINTAGE RED PAISLEY'}),0.039228910245602204,0.06367672680267521,0.02158152082279548,0.5501432664756447,8.639628544043378,0.019083552222319604,2.081381034050104,0.920358962172175
frozenset({'60 TEATIME FAIRY CAKE CASES'}),frozenset({'PACK OF 72 RETROSPOT CAKE CASES'}),0.04232001348845051,0.06345191929410442,0.022986567751362895,0.5431606905710491,8.560193239442585,0.020301281670968323,2.0500601882893585,0.922208065016013
frozenset({'PACK OF 72 RETROSPOT CAKE CASES'}),frozenset({'60 TEATIME FAIRY CAKE CASES'}),0.06345191929410442,0.04232001348845051,0.022986567751362895,0.3622674933569531,8.560193239442585,0.020301281670968323,1.5016954232938047,0.9430164082976994
"frozenset({'JUMBO BAG RED RETROSPOT', 'JUMBO SHOPPER VINTAGE RED PAISLEY'})",frozenset({'JUMBO BAG PINK POLKADOT'}),0.03692463328275165,0.06513797560838532,0.020569887034226943,0.5570776255707762,8.552271088680605,0.018164691172106492,2.1106678695027177,0.9169292717086834
frozenset({'JUMBO BAG PINK POLKADOT'}),"frozenset({'JUMBO BAG RED RETROSPOT', 'JUMBO SHOPPER VINTAGE RED PAISLEY'})",0.06513797560838532,0.03692463328275165,0.020569887034226943,0.31578947368421056,8.552271088680605,0.018164691172106492,1.407571689817517,0.9446014187808103
frozenset({'JUMBO STORAGE BAG SUKI'}),frozenset({'JUMBO STORAGE BAG SKULLS'}),0.06350812117124711,0.03844208396560445,0.020513685157084245,0.3230088495575221,8.402480204937122,0.01807230063052138,1.4203404511357738,0.9407316184903144
frozenset({'JUMBO STORAGE BAG SKULLS'}),frozenset({'JUMBO STORAGE BAG SUKI'}),0.03844208396560445,0.06350812117124711,0.020513685157084245,0.533625730994152,8.402480204937122,0.01807230063052138,2.0080264737268556,0.9162084843593493
frozenset({'JUMBO BAG PINK POLKADOT'}),frozenset({'JUMBO BAG WOODLAND ANIMALS'}),0.06513797560838532,0.04130837969988198,0.02231214522565054,0.3425366695427093,8.292183620644117,0.019621400996337707,1.4581674382255077,0.9406783895932249
frozenset({'JUMBO BAG WOODLAND ANIMALS'}),frozenset({'JUMBO BAG PINK POLKADOT'}),0.04130837969988198,0.06513797560838532,0.02231214522565054,0.5401360544217687,8.292183620644117,0.019621400996337707,2.0329100234551385,0.9172965372548777
frozenset({'LUNCH BAG SPACEBOY DESIGN '}),frozenset({'LUNCH BAG WOODLAND'}),0.05833754847411904,0.04895183499128871,0.02354858652278986,0.4036608863198458,8.246082836152716,0.020692856476088477,1.594810977833671,0.933169096390562
frozenset({'LUNCH BAG WOODLAND'}),frozenset({'LUNCH BAG SPACEBOY DESIGN '}),0.04895183499128871,0.05833754847411904,0.02354858652278986,0.48105625717566014,8.246082836152716,0.020692856476088477,1.8145752107943411,0.9239598280359216
frozenset({'JUMBO STORAGE BAG SUKI'}),"frozenset({'JUMBO BAG RED RETROSPOT', 'JUMBO BAG PINK POLKADOT'})",0.06350812117124711,0.044118473557016806,0.02276176024279211,0.3584070796460177,8.123741615466997,0.019959878878242625,1.4898567239732015,0.9363711868462915
"frozenset({'JUMBO BAG RED RETROSPOT', 'JUMBO BAG PINK POLKADOT'})",frozenset({'JUMBO STORAGE BAG SUKI'}),0.044118473557016806,0.06350812117124711,0.02276176024279211,0.5159235668789809,8.123741615466997,0.019959878878242625,1.934595065475187,0.9173772981196939
frozenset({'HEART OF WICKER SMALL'}),frozenset({'HEART OF WICKER LARGE'}),0.0654189849940988,0.05142471758556736,0.027145506659922443,0.41494845360824745,8.069046814263984,0.023781353831866442,1.6213533461533036,0.9373929179324154
frozenset({'HEART OF WICKER LARGE'}),frozenset({'HEART OF WICKER SMALL'}),0.05142471758556736,0.0654189849940988,0.027145506659922443,0.5278688524590164,8.069046814263984,0.023781353831866442,1.979494510949999,0.9235636231957658
frozenset({'DOTCOM POSTAGE'}),frozenset({'JUMBO SHOPPER VINTAGE RED PAISLEY'}),0.039790929017029165,0.06367672680267521,0.020401281402798854,0.5127118644067797,8.05179364818167,0.017867525286556846,1.921498195431032,0.9120972676723336
frozenset({'JUMBO SHOPPER VINTAGE RED PAISLEY'}),frozenset({'DOTCOM POSTAGE'}),0.06367672680267521,0.039790929017029165,0.020401281402798854,0.32038834951456313,8.05179364818167,0.017867525286556846,1.4128790615892286,0.9353650551129542
frozenset({'JUMBO SHOPPER VINTAGE RED PAISLEY'}),frozenset({'JUMBO BAG WOODLAND ANIMALS'}),0.06367672680267521,0.04130837969988198,0.021019502051368516,0.3300970873786408,7.991044184664157,0.018389119642557957,1.4310903897233647,0.9343566838500106
frozenset({'JUMBO BAG WOODLAND ANIMALS'}),frozenset({'JUMBO SHOPPER VINTAGE RED PAISLEY'}),0.04130837969988198,0.06367672680267521,0.021019502051368516,0.508843537414966,7.991044184664157,0.018389119642557957,1.9063645590028635,0.9125561233990607
frozenset({'LUNCH BAG APPLE DESIGN'}),frozenset({'LUNCH BAG SUKI DESIGN '}),0.05142471758556736,0.05743831843983589,0.023492384645647166,0.4568306010928962,7.953411825093838,0.02053863534128872,1.7352996753069418,0.9216641124512474
frozenset({'LUNCH BAG SUKI DESIGN '}),frozenset({'LUNCH BAG APPLE DESIGN'}),0.05743831843983589,0.05142471758556736,0.023492384645647166,0.40900195694716246,7.953411825093838,0.02053863534128872,1.6050396334893215,0.9275443855436262
frozenset({'LUNCH BAG PINK POLKADOT'}),frozenset({'LUNCH BAG CARS BLUE'}),0.056539088405552745,0.059854999156971844,0.026414882257067385,0.46719681908548705,7.805476997171898,0.02303073516821707,1.764525878447922,0.924134557009033
frozenset({'LUNCH BAG CARS BLUE'}),frozenset({'LUNCH BAG PINK POLKADOT'}),0.059854999156971844,0.056539088405552745,0.026414882257067385,0.4413145539906103,7.805476997171898,0.02303073516821707,1.6887157493245146,0.9273939985958057
frozenset({'LUNCH BAG CARS BLUE'}),frozenset({'LUNCH BAG WOODLAND'}),0.059854999156971844,0.04895183499128871,0.02276176024279211,0.38028169014084506,7.768486926149318,0.019831748200656297,1.534645902627693,0.9267451334644066
frozenset({'LUNCH BAG WOODLAND'}),frozenset({'LUNCH BAG CARS BLUE'}),0.04895183499128871,0.059854999156971844,0.02276176024279211,0.4649827784156142,7.7684869261493175,0.019831748200656297,1.7572238105885782,0.9161205881451715
frozenset({'JUMBO SHOPPER VINTAGE RED PAISLEY'}),frozenset({'JUMBO BAG PINK VINTAGE PAISLEY'}),0.06367672680267521,0.045804529871297704,0.02253695273422132,0.353927625772286,7.726913184498508,0.019620270199281722,1.4769173055407374,0.9297880748309298
frozenset({'JUMBO BAG PINK VINTAGE PAISLEY'}),frozenset({'JUMBO SHOPPER VINTAGE RED PAISLEY'}),0.045804529871297704,0.06367672680267521,0.02253695273422132,0.49202453987730055,7.726913184498508,0.019620270199281722,1.843245090956086,0.9123730313749141
frozenset({'PACK OF 60 PINK PAISLEY CAKE CASES'}),frozenset({'PACK OF 72 RETROSPOT CAKE CASES'}),0.043893666048446016,0.06345191929410442,0.021300511437082,0.48527528809218956,7.64792134723147,0.018515374081453633,1.819512564754489,0.9091515100003909
frozenset({'PACK OF 72 RETROSPOT CAKE CASES'}),frozenset({'PACK OF 60 PINK PAISLEY CAKE CASES'}),0.06345191929410442,0.043893666048446016,0.021300511437082,0.3356953055801595,7.6479213472314695,0.018515374081453633,1.439258734708406,0.9281376313086084
frozenset({'LUNCH BAG  BLACK SKULL.'}),frozenset({'LUNCH BAG PINK POLKADOT'}),0.06834148260551902,0.056539088405552745,0.02933737986848761,0.42927631578947373,7.592558138014022,0.025473414741687624,1.6530957759349392,0.93198534552675
frozenset({'LUNCH BAG PINK POLKADOT'}),frozenset({'LUNCH BAG  BLACK SKULL.'}),0.056539088405552745,0.06834148260551902,0.02933737986848761,0.5188866799204771,7.592558138014021,0.025473414741687624,1.9364637778901814,0.9203265069873674
frozenset({'JAM MAKING SET WITH JARS'}),frozenset({'JAM MAKING SET PRINTED'}),0.05614567526555387,0.05665149215983814,0.023604788399932557,0.42042042042042044,7.421171171171172,0.020424052117817212,1.6276427622319893,0.9167202572347266
frozenset({'JAM MAKING SET PRINTED'}),frozenset({'JAM MAKING SET WITH JARS'}),0.05665149215983814,0.05614567526555387,0.023604788399932557,0.41666666666666663,7.421171171171171,0.020424052117817212,1.6180359852590502,0.9172117962466486
frozenset({'JUMBO BAG RED RETROSPOT'}),"frozenset({'JUMBO SHOPPER VINTAGE RED PAISLEY', 'JUMBO BAG PINK POLKADOT'})",0.10891923790254594,0.025515652222784242,0.020569887034226943,0.18885448916408668,7.401515254838313,0.017790741639534882,1.2013681081375598,0.9706107087281771
"frozenset({'JUMBO SHOPPER VINTAGE RED PAISLEY', 'JUMBO BAG PINK POLKADOT'})",frozenset({'JUMBO BAG RED RETROSPOT'}),0.025515652222784242,0.10891923790254594,0.020569887034226943,0.8061674008810572,7.401515254838313,0.017790741639534882,4.597166659002773,0.8875386577591122
frozenset({'LUNCH BAG PINK POLKADOT'}),frozenset({'LUNCH BAG WOODLAND'}),0.056539088405552745,0.04895183499128871,0.02045748327994155,0.36182902584493043,7.391531408563544,0.017689791153755047,1.490271735200566,0.9165297977176216
frozenset({'LUNCH BAG WOODLAND'}),frozenset({'LUNCH BAG PINK POLKADOT'}),0.04895183499128871,0.056539088405552745,0.02045748327994155,0.417910447761194,7.3915314085635435,0.017689791153755047,1.6208174635084094,0.9092179242575176
"frozenset({'JUMBO STORAGE BAG SUKI', 'JUMBO BAG PINK POLKADOT'})",frozenset({'JUMBO BAG RED RETROSPOT'}),0.028381947957061764,0.10891923790254594,0.02276176024279211,0.801980198019802,7.363072065720504,0.01967042010111922,4.499957848592143,0.8894309047594564
frozenset({'JUMBO BAG RED RETROSPOT'}),"frozenset({'JUMBO STORAGE BAG SUKI', 'JUMBO BAG PINK POLKADOT'})",0.10891923790254594,0.028381947957061764,0.02276176024279211,0.2089783281733746,7.363072065720504,0.01967042010111922,1.228307752680505,0.9698190779868485
frozenset({'JUMBO SHOPPER VINTAGE RED PAISLEY'}),"frozenset({'JUMBO BAG RED RETROSPOT', 'JUMBO BAG PINK POLKADOT'})",0.06367672680267521,0.044118473557016806,0.020569887034226943,0.323036187113857,7.322016404225296,0.017760567046585733,1.4120127372358537,0.9221447595431616
"frozenset({'JUMBO BAG RED RETROSPOT', 'JUMBO BAG PINK POLKADOT'})",frozenset({'JUMBO SHOPPER VINTAGE RED PAISLEY'}),0.044118473557016806,0.06367672680267521,0.020569887034226943,0.46624203821656046,7.322016404225296,0.017760567046585733,1.7542094736513123,0.9032767929203357
frozenset({'LUNCH BAG SPACEBOY DESIGN '}),frozenset({'LUNCH BAG CARS BLUE'}),0.05833754847411904,0.059854999156971844,0.025515652222784242,0.4373795761078998,7.307319058861841,0.022023858308046044,1.6710111487586699,0.9166245331461318
frozenset({'LUNCH BAG CARS BLUE'}),frozenset({'LUNCH BAG SPACEBOY DESIGN '}),0.059854999156971844,0.05833754847411904,0.025515652222784242,0.4262910798122066,7.307319058861841,0.022023858308046044,1.641359264934637,0.9181040203768196
frozenset({'LUNCH BAG CARS BLUE'}),frozenset({'LUNCH BAG SUKI DESIGN '}),0.059854999156971844,0.05743831843983589,0.024953633451357274,0.41690140845070417,7.258245362586477,0.021515662949563016,1.6164705166853053,0.9171198637662052
frozenset({'LUNCH BAG SUKI DESIGN '}),frozenset({'LUNCH BAG CARS BLUE'}),0.05743831843983589,0.059854999156971844,0.024953633451357274,0.4344422700587084,7.258245362586477,0.021515662949563016,1.6623325101411326,0.9147684145895344
frozenset({'JUMBO  BAG BAROQUE BLACK WHITE'}),frozenset({'JUMBO STORAGE BAG SUKI'}),0.05114370819985387,0.06350812117124711,0.02354858652278986,0.4604395604395604,7.25008946805407,0.020300545705286634,1.7356570463017615,0.9085365982954143
frozenset({'JUMBO STORAGE BAG SUKI'}),frozenset({'JUMBO  BAG BAROQUE BLACK WHITE'}),0.06350812117124711,0.05114370819985387,0.02354858652278986,0.37079646017699114,7.25008946805407,0.020300545705286634,1.5080275804981222,0.9205319203637689
frozenset({'LUNCH BAG SUKI DESIGN '}),frozenset({'LUNCH BAG WOODLAND'}),0.05743831843983589,0.04895183499128871,0.020176473894228067,0.3512720156555773,7.175870234856127,0.017364762807784123,1.466019946665012,0.9130904604031131
frozenset({'LUNCH BAG WOODLAND'}),frozenset({'LUNCH BAG SUKI DESIGN '}),0.04895183499128871,0.05743831843983589,0.020176473894228067,0.4121699196326062,7.175870234856127,0.017364762807784123,1.6034594231228572,0.9049426847547932
frozenset({'JUMBO SHOPPER VINTAGE RED PAISLEY'}),frozenset({'JUMBO  BAG BAROQUE BLACK WHITE'}),0.06367672680267521,0.05114370819985387,0.02326757713707638,0.3654015887025596,7.144604909653455,0.020010913202358545,1.495207480680898,0.9185227714274116
frozenset({'JUMBO  BAG BAROQUE BLACK WHITE'}),frozenset({'JUMBO SHOPPER VINTAGE RED PAISLEY'}),0.05114370819985387,0.06367672680267521,0.02326757713707638,0.454945054945055,7.144604909653454,0.020010913202358545,1.7178511665515437,0.906390414735573
frozenset({'LUNCH BAG  BLACK SKULL.'}),frozenset({'LUNCH BAG SUKI DESIGN '}),0.06834148260551902,0.05743831843983589,0.028044736694205586,0.41036184210526316,7.144391640488207,0.024119316853659277,1.5985425450169588,0.9231172727308993
frozenset({'LUNCH BAG SUKI DESIGN '}),frozenset({'LUNCH BAG  BLACK SKULL.'}),0.05743831843983589,0.06834148260551902,0.028044736694205586,0.4882583170254403,7.144391640488207,0.024119316853659277,1.8205640626714332,0.912439033454184
frozenset({'SET OF 3 CAKE TINS PANTRY DESIGN '}),frozenset({'SET OF 6 SPICE TINS PANTRY DESIGN'}),0.06974652953408644,0.04327544539987636,0.021525318945652783,0.3086220789685737,7.131574871542639,0.018507006814969564,1.383793907061484,0.9242411288358423
frozenset({'SET OF 6 SPICE TINS PANTRY DESIGN'}),frozenset({'SET OF 3 CAKE TINS PANTRY DESIGN '}),0.04327544539987636,0.06974652953408644,0.021525318945652783,0.49740259740259735,7.131574871542639,0.018507006814969564,1.8508919179812746,0.8986688106967552
frozenset({'JUMBO STORAGE BAG SUKI'}),frozenset({'JUMBO SHOPPER VINTAGE RED PAISLEY'}),0.06350812117124711,0.06367672680267521,0.028831562974203338,0.4539823008849558,7.129485507189778,0.02478757369263064,1.7148222021280015,0.9180404484308184
frozenset({'JUMBO SHOPPER VINTAGE RED PAISLEY'}),frozenset({'JUMBO STORAGE BAG SUKI'}),0.06367672680267521,0.06350812117124711,0.028831562974203338,0.4527802294792586,7.129485507189778,0.02478757369263064,1.7113633850209309,0.9182057618368985
frozenset({'LUNCH BAG SUKI DESIGN '}),frozenset({'LUNCH BAG SPACEBOY DESIGN '}),0.05743831843983589,0.05833754847411904,0.02388579778564604,0.4158512720156556,7.128363856430211,0.02053498709939023,1.6120251682737858,0.9121051394739519
frozenset({'LUNCH BAG SPACEBOY DESIGN '}),frozenset({'LUNCH BAG SUKI DESIGN '}),0.05833754847411904,0.05743831843983589,0.02388579778564604,0.4094412331406551,7.128363856430211,0.02053498709939023,1.5960506124950251,0.9129761440834168
frozenset({'LUNCH BAG WOODLAND'}),frozenset({'LUNCH BAG  BLACK SKULL.'}),0.04895183499128871,0.06834148260551902,0.023660990277075255,0.4833524684270953,7.07260729500272,0.02031554929750986,1.80327681922354,0.9028033051466263
frozenset({'LUNCH BAG  BLACK SKULL.'}),frozenset({'LUNCH BAG WOODLAND'}),0.06834148260551902,0.04895183499128871,0.023660990277075255,0.3462171052631579,7.07260729500272,0.02031554929750986,1.4546849920133245,0.9215924189956693
frozenset({'LUNCH BAG PINK POLKADOT'}),frozenset({'LUNCH BAG RED RETROSPOT'}),0.056539088405552745,0.07823301298263362,0.031135839937053898,0.5506958250497018,7.039174436141771,0.02671261669979602,2.0515433383616606,0.9093518084627545
frozenset({'LUNCH BAG RED RETROSPOT'}),frozenset({'LUNCH BAG PINK POLKADOT'}),0.07823301298263362,0.056539088405552745,0.031135839937053898,0.39798850574712646,7.039174436141771,0.02671261669979602,1.5671808937225185,0.9307535399466045
frozenset({'LUNCH BAG  BLACK SKULL.'}),frozenset({'LUNCH BAG CARS BLUE'}),0.06834148260551902,0.059854999156971844,0.028269544202776373,0.41365131578947373,6.910890011119348,0.024178964819036825,1.6033889495443507,0.9180411288677418
frozenset({'LUNCH BAG CARS BLUE'}),frozenset({'LUNCH BAG  BLACK SKULL.'}),0.059854999156971844,0.06834148260551902,0.028269544202776373,0.4723004694835681,6.910890011119348,0.024178964819036825,1.7655094680162318,0.9097541722405881
frozenset({'JUMBO BAG PINK VINTAGE PAISLEY'}),frozenset({'JUMBO STORAGE BAG SUKI'}),0.045804529871297704,0.06350812117124711,0.020064070139942675,0.43803680981595094,6.8973353602258545,0.017155110506684293,1.6664648062127372,0.8960600850070268
frozenset({'JUMBO STORAGE BAG SUKI'}),frozenset({'JUMBO BAG PINK VINTAGE PAISLEY'}),0.06350812117124711,0.045804529871297704,0.020064070139942675,0.31592920353982307,6.8973353602258545,0.017155110506684293,1.3948782422321264,0.9129993472513532
frozenset({'JUMBO BAG RED RETROSPOT'}),"frozenset({'JUMBO SHOPPER VINTAGE RED PAISLEY', 'JUMBO STORAGE BAG SUKI'})",0.10891923790254594,0.028831562974203338,0.02158152082279548,0.19814241486068113,6.872413231220467,0.018441208956105994,1.2111482824684647,0.958937440870388
"frozenset({'JUMBO SHOPPER VINTAGE RED PAISLEY', 'JUMBO STORAGE BAG SUKI'})",frozenset({'JUMBO BAG RED RETROSPOT'}),0.028831562974203338,0.10891923790254594,0.02158152082279548,0.7485380116959064,6.872413231220466,0.018441208956105994,3.5436002399689444,0.8798583984375
frozenset({'JUMBO  BAG BAROQUE BLACK WHITE'}),frozenset({'JUMBO BAG PINK POLKADOT'}),0.05114370819985387,0.06513797560838532,0.022874163997077503,0.4472527472527473,6.866236524476387,0.019542766379833047,1.6913010779251876,0.9004101213424203
frozenset({'JUMBO BAG PINK POLKADOT'}),frozenset({'JUMBO  BAG BAROQUE BLACK WHITE'}),0.06513797560838532,0.05114370819985387,0.022874163997077503,0.3511647972389992,6.866236524476387,0.019542766379833047,1.4623995241972998,0.9138886665037923
frozenset({'JUMBO STORAGE BAG SUKI'}),frozenset({'JUMBO BAG PINK POLKADOT'}),0.06350812117124711,0.06513797560838532,0.028381947957061764,0.44690265486725667,6.860861896508282,0.02424515750927469,1.6902305401000395,0.9121763223552748
frozenset({'JUMBO BAG PINK POLKADOT'}),frozenset({'JUMBO STORAGE BAG SUKI'}),0.06513797560838532,0.06350812117124711,0.028381947957061764,0.4357204486626402,6.860861896508281,0.02424515750927469,1.6596239870986615,0.9137666261516136
frozenset({'JUMBO BAG PINK POLKADOT'}),frozenset({'JUMBO BAG PINK VINTAGE PAISLEY'}),0.06513797560838532,0.045804529871297704,0.02045748327994155,0.3140638481449526,6.8566111043474125,0.017473868930431406,1.3910849684014668,0.913669968963344
frozenset({'JUMBO BAG PINK VINTAGE PAISLEY'}),frozenset({'JUMBO BAG PINK POLKADOT'}),0.045804529871297704,0.06513797560838532,0.02045748327994155,0.4466257668711656,6.856611104347412,0.017473868930431406,1.6893848112620087,0.8951576312720146
frozenset({'LUNCH BAG  BLACK SKULL.'}),frozenset({'LUNCH BAG SPACEBOY DESIGN '}),0.06834148260551902,0.05833754847411904,0.027145506659922443,0.39720394736842113,6.808718531335566,0.023158632105629816,1.562157627633658,0.9157104976325426
frozenset({'LUNCH BAG SPACEBOY DESIGN '}),frozenset({'LUNCH BAG  BLACK SKULL.'}),0.05833754847411904,0.06834148260551902,0.027145506659922443,0.4653179190751445,6.808718531335565,0.023158632105629816,1.7424532271269755,0.9059822691288966
frozenset({'LUNCH BAG PINK POLKADOT'}),frozenset({'LUNCH BAG SUKI DESIGN '}),0.056539088405552745,0.05743831843983589,0.02191873208565166,0.3876739562624254,6.74939599195434,0.018671221921515487,1.5393133955349432,0.9028870019994104
frozenset({'LUNCH BAG SUKI DESIGN '}),frozenset({'LUNCH BAG PINK POLKADOT'}),0.05743831843983589,0.056539088405552745,0.02191873208565166,0.3816046966731898,6.74939599195434,0.018671221921515487,1.5256598918505144,0.9037483812869896
frozenset({'LUNCH BAG SPACEBOY DESIGN '}),frozenset({'LUNCH BAG PINK POLKADOT'}),0.05833754847411904,0.056539088405552745,0.022143539594222446,0.3795761078998073,6.7135165883312835,0.018845187783681012,1.5206714693090622,0.9037705238378726
frozenset({'LUNCH BAG PINK POLKADOT'}),frozenset({'LUNCH BAG SPACEBOY DESIGN '}),0.056539088405552745,0.05833754847411904,0.022143539594222446,0.39165009940357853,6.7135165883312835,0.018845187783681012,1.5478961212990787,0.902047723053765
frozenset({'LUNCH BAG WOODLAND'}),frozenset({'LUNCH BAG RED RETROSPOT'}),0.04895183499128871,0.07823301298263362,0.025628055977069634,0.52353616532721,6.692010768438972,0.021798406434672405,1.9346001101015085,0.8943480613838105
frozenset({'LUNCH BAG RED RETROSPOT'}),frozenset({'LUNCH BAG WOODLAND'}),0.07823301298263362,0.04895183499128871,0.025628055977069634,0.3275862068965517,6.692010768438972,0.021798406434672405,1.4143793223206476,0.9227582400302935
frozenset({'LUNCH BAG RED RETROSPOT'}),frozenset({'LUNCH BAG SUKI DESIGN '}),0.07823301298263362,0.05743831843983589,0.029000168605631427,0.3706896551724138,6.453699642351036,0.024506595893427102,1.4977692474106716,0.9167719495266171
frozenset({'LUNCH BAG SUKI DESIGN '}),frozenset({'LUNCH BAG RED RETROSPOT'}),0.05743831843983589,0.07823301298263362,0.029000168605631427,0.5048923679060665,6.453699642351036,0.024506595893427102,1.8617507129085937,0.8965462252809043
frozenset({'JUMBO BAG APPLES'}),frozenset({'JUMBO STORAGE BAG SUKI'}),0.04973866127128646,0.06350812117124711,0.020288877648513462,0.40790960451977404,6.4229518524073805,0.017130068721600986,1.5816704442050504,0.8885012061362552
frozenset({'JUMBO STORAGE BAG SUKI'}),frozenset({'JUMBO BAG APPLES'}),0.06350812117124711,0.04973866127128646,0.020288877648513462,0.3194690265486726,6.4229518524073805,0.017130068721600986,1.3963528124362112,0.9015650479116486
frozenset({'LUNCH BAG RED RETROSPOT'}),frozenset({'LUNCH BAG  BLACK SKULL.'}),0.07823301298263362,0.06834148260551902,0.03411453942561682,0.43606321839080464,6.380652010549003,0.02876797932968682,1.6520619824370926,0.9148474793647312
frozenset({'LUNCH BAG  BLACK SKULL.'}),frozenset({'LUNCH BAG RED RETROSPOT'}),0.06834148260551902,0.07823301298263362,0.03411453942561682,0.49917763157894746,6.380652010549003,0.02876797932968682,1.8405068246520817,0.9051344337974878
frozenset({'LUNCH BAG APPLE DESIGN'}),frozenset({'LUNCH BAG  BLACK SKULL.'}),0.05142471758556736,0.06834148260551902,0.02231214522565054,0.43387978142076505,6.348703084555653,0.018797703783282757,1.6456902382547303,0.8881609404339871
frozenset({'LUNCH BAG  BLACK SKULL.'}),frozenset({'LUNCH BAG APPLE DESIGN'}),0.06834148260551902,0.05142471758556736,0.02231214522565054,0.3264802631578948,6.348703084555653,0.018797703783282757,1.4083852788961542,0.9042878900069273
frozenset({'DOTCOM POSTAGE'}),frozenset({'JUMBO BAG RED RETROSPOT'}),0.039790929017029165,0.10891923790254594,0.027257910414207834,0.6850282485875707,6.2893228210106535,0.022923912750238716,2.8290815227129937,0.8758513074409638
frozenset({'JUMBO BAG RED RETROSPOT'}),frozenset({'DOTCOM POSTAGE'}),0.10891923790254594,0.039790929017029165,0.027257910414207834,0.2502579979360165,6.289322821010653,0.022923912750238716,1.2807193252339968,0.9437981449150973
frozenset({'JUMBO BAG PINK POLKADOT'}),frozenset({'JUMBO BAG RED RETROSPOT'}),0.06513797560838532,0.10891923790254594,0.044118473557016806,0.6773080241587577,6.218442556169647,0.03702369489523685,2.7613973349490633,0.8976597698367782
frozenset({'JUMBO BAG RED RETROSPOT'}),frozenset({'JUMBO BAG PINK POLKADOT'}),0.10891923790254594,0.06513797560838532,0.044118473557016806,0.4050567595459237,6.218442556169647,0.03702369489523685,1.571346576991283,0.9417642769766617
frozenset({'JUMBO BAG RED RETROSPOT'}),frozenset({'JUMBO BAG SCANDINAVIAN BLUE PAISLEY'}),0.10891923790254594,0.03568819198561232,0.02405440341707413,0.22084623323013416,6.1882157919114595,0.020167272743881488,1.2376399231336976,0.9408827664258747
frozenset({'JUMBO BAG SCANDINAVIAN BLUE PAISLEY'}),frozenset({'JUMBO BAG RED RETROSPOT'}),0.03568819198561232,0.10891923790254594,0.02405440341707413,0.674015748031496,6.1882157919114595,0.020167272743881488,2.7335086180284214,0.8694309512578531
frozenset({'LUNCH BAG SPACEBOY DESIGN '}),frozenset({'LUNCH BAG RED RETROSPOT'}),0.05833754847411904,0.07823301298263362,0.02815714044849098,0.48265895953757226,6.169504933227028,0.02359321826134021,1.7817395391508872,0.8898225036051444
frozenset({'LUNCH BAG RED RETROSPOT'}),frozenset({'LUNCH BAG SPACEBOY DESIGN '}),0.07823301298263362,0.05833754847411904,0.02815714044849098,0.3599137931034483,6.169504933227028,0.02359321826134021,1.4711494192188848,0.9090284767943535
frozenset({'JUMBO BAG PINK POLKADOT'}),frozenset({'JUMBO SHOPPER VINTAGE RED PAISLEY'}),0.06513797560838532,0.06367672680267521,0.025515652222784242,0.39171699741156174,6.1516509575851,0.02136787914548977,1.5392888987740418,0.8957920961207314
frozenset({'JUMBO SHOPPER VINTAGE RED PAISLEY'}),frozenset({'JUMBO BAG PINK POLKADOT'}),0.06367672680267521,0.06513797560838532,0.025515652222784242,0.4007060900264784,6.151650957585099,0.02136787914548977,1.5599391364296016,0.8943941012528359
frozenset({'LUNCH BAG RED RETROSPOT'}),frozenset({'LUNCH BAG CARS BLUE'}),0.07823301298263362,0.059854999156971844,0.02860675546563255,0.3656609195402299,6.10911243322001,0.023924118539509646,1.4820858903437089,0.9072901419950314
frozenset({'LUNCH BAG CARS BLUE'}),frozenset({'LUNCH BAG RED RETROSPOT'}),0.059854999156971844,0.07823301298263362,0.02860675546563255,0.4779342723004695,6.10911243322001,0.023924118539509646,1.7656148222544876,0.8895543770241816
frozenset({'LUNCH BAG APPLE DESIGN'}),frozenset({'LUNCH BAG RED RETROSPOT'}),0.05142471758556736,0.07823301298263362,0.02422300904850222,0.4710382513661202,6.020965234595817,0.020199898450002262,1.7425966800018393,0.8791222885459703
frozenset({'LUNCH BAG RED RETROSPOT'}),frozenset({'LUNCH BAG APPLE DESIGN'}),0.07823301298263362,0.05142471758556736,0.02422300904850222,0.3096264367816092,6.020965234595817,0.020199898450002262,1.3740029064733512,0.9046903229119496
frozenset({'JUMBO BAG STRAWBERRY'}),frozenset({'JUMBO BAG RED RETROSPOT'}),0.04451188669701568,0.10891923790254594,0.029056370482774124,0.6527777777777778,5.993227554179567,0.024208169706130704,2.5663125948406678,0.8719574693353458
frozenset({'JUMBO BAG RED RETROSPOT'}),frozenset({'JUMBO BAG STRAWBERRY'}),0.10891923790254594,0.04451188669701568,0.029056370482774124,0.26676986584107326,5.993227554179566,0.024208169706130704,1.303121719620819,0.934982588216349
frozenset({'JUMBO BAG WOODLAND ANIMALS'}),frozenset({'JUMBO BAG RED RETROSPOT'}),0.04130837969988198,0.10891923790254594,0.026639689765638172,0.6448979591836734,5.920882037025336,0.02214041252973803,2.5093653645273126,0.8669171894548904
frozenset({'JUMBO BAG RED RETROSPOT'}),frozenset({'JUMBO BAG WOODLAND ANIMALS'}),0.10891923790254594,0.04130837969988198,0.026639689765638172,0.24458204334365324,5.920882037025336,0.02214041252973803,1.2690876776923692,0.9326946337257346
frozenset({'JUMBO BAG RED RETROSPOT'}),frozenset({'JUMBO BAG SPACEBOY DESIGN'}),0.10891923790254594,0.03501376945989996,0.021974933962794357,0.20175438596491227,5.762144124355833,0.018161260877126616,1.2088838492480374,0.9274731602978076
frozenset({'JUMBO BAG SPACEBOY DESIGN'}),frozenset({'JUMBO BAG RED RETROSPOT'}),0.03501376945989996,0.10891923790254594,0.021974933962794357,0.6276083467094703,5.762144124355833,0.018161260877126616,2.3928591154599737,0.85644070800942
frozenset({'JUMBO BAG RED RETROSPOT'}),frozenset({'JUMBO  BAG BAROQUE BLACK WHITE'}),0.10891923790254594,0.05114370819985387,0.032035069971337045,0.29411764705882354,5.750808015513899,0.02646453625069877,1.344213080050207,0.9270892462945444
frozenset({'JUMBO  BAG BAROQUE BLACK WHITE'}),frozenset({'JUMBO BAG RED RETROSPOT'}),0.05114370819985387,0.10891923790254594,0.032035069971337045,0.6263736263736265,5.750808015513899,0.02646453625069877,2.3849514514961276,0.8706391044245692
frozenset({'JUMBO STORAGE BAG SUKI'}),frozenset({'JUMBO BAG RED RETROSPOT'}),0.06350812117124711,0.10891923790254594,0.039228910245602204,0.6176991150442479,5.6711663333242015,0.032311654087007424,2.330836252708619,0.8795265044269626
frozenset({'JUMBO BAG RED RETROSPOT'}),frozenset({'JUMBO STORAGE BAG SUKI'}),0.10891923790254594,0.06350812117124711,0.039228910245602204,0.3601651186790506,5.6711663333242015,0.032311654087007424,1.4636461783630026,0.9243487949080087
frozenset({'JUMBO BAG RED RETROSPOT'}),frozenset({'JUMBO BAG OWLS'}),0.10891923790254594,0.03467655819704378,0.02079469454279773,0.19091847265221878,5.505692680552559,0.017017750250892437,1.1931102233508477,0.9184013909841725
frozenset({'JUMBO BAG OWLS'}),frozenset({'JUMBO BAG RED RETROSPOT'}),0.03467655819704378,0.10891923790254594,0.02079469454279773,0.5996758508914101,5.505692680552559,0.017017750250892437,2.2258980980329115,0.8477674693790203
frozenset({'JUMBO BAG PINK VINTAGE PAISLEY'}),frozenset({'JUMBO BAG RED RETROSPOT'}),0.045804529871297704,0.10891923790254594,0.027426516045635924,0.5987730061349693,5.497403559421832,0.022437521559569778,2.220889361190902,0.8573672486477196
frozenset({'JUMBO BAG RED RETROSPOT'}),frozenset({'JUMBO BAG PINK VINTAGE PAISLEY'}),0.10891923790254594,0.045804529871297704,0.027426516045635924,0.2518059855521156,5.497403559421831,0.022437521559569778,1.2753316007651208,0.9180940490407432
frozenset({'WHITE HANGING HEART T-LIGHT HOLDER'}),frozenset({'RED HANGING HEART T-LIGHT HOLDER'}),0.12173326589108076,0.03956612150845838,0.026302478502781994,0.21606648199445985,5.460896184840091,0.02148596531291402,1.225147102952108,0.9301045363629353
frozenset({'RED HANGING HEART T-LIGHT HOLDER'}),frozenset({'WHITE HANGING HEART T-LIGHT HOLDER'}),0.03956612150845838,0.12173326589108076,0.026302478502781994,0.6647727272727273,5.460896184840091,0.02148596531291402,2.619914325477454,0.8505321311805014
frozenset({'JUMBO BAG RED RETROSPOT'}),frozenset({'JUMBO STORAGE BAG SKULLS'}),0.10891923790254594,0.03844208396560445,0.02276176024279211,0.2089783281733746,5.4361862473521265,0.01857467775387279,1.215589850798864,0.915795227583307
frozenset({'JUMBO STORAGE BAG SKULLS'}),frozenset({'JUMBO BAG RED RETROSPOT'}),0.03844208396560445,0.10891923790254594,0.02276176024279211,0.5921052631578947,5.4361862473521265,0.01857467775387279,2.184585094174403,0.8486722387827068
"frozenset({'GREEN REGENCY TEACUP AND SAUCER', 'ROSES REGENCY TEACUP AND SAUCER '})",frozenset({'REGENCY CAKESTAND 3 TIER'}),0.03939751587703029,0.09470016298544372,0.020176473894228067,0.5121255349500714,5.407863289831822,0.016445522719451693,1.8555999583251581,0.8485134031331019
frozenset({'REGENCY CAKESTAND 3 TIER'}),"frozenset({'GREEN REGENCY TEACUP AND SAUCER', 'ROSES REGENCY TEACUP AND SAUCER '})",0.09470016298544372,0.03939751587703029,0.020176473894228067,0.21305637982195844,5.4078632898318215,0.016445522719451693,1.220675102373457,0.9003470999721241
frozenset({'JUMBO BAG RED RETROSPOT'}),frozenset({'JUMBO SHOPPER VINTAGE RED PAISLEY'}),0.10891923790254594,0.06367672680267521,0.03692463328275165,0.3390092879256966,5.3239119682806,0.02998901272727564,1.416545279825461,0.911441732942232
frozenset({'JUMBO SHOPPER VINTAGE RED PAISLEY'}),frozenset({'JUMBO BAG RED RETROSPOT'}),0.06367672680267521,0.10891923790254594,0.03692463328275165,0.5798764342453664,5.3239119682806,0.02998901272727564,2.120996856000873,0.8674014811404013
frozenset({'JUMBO BAG APPLES'}),frozenset({'JUMBO BAG RED RETROSPOT'}),0.04973866127128646,0.10891923790254594,0.028550553588489857,0.5740112994350283,5.270063493729339,0.023133056508528458,2.0917943619529096,0.852659086971829
frozenset({'JUMBO BAG RED RETROSPOT'}),frozenset({'JUMBO BAG APPLES'}),0.10891923790254594,0.04973866127128646,0.028550553588489857,0.26212590299277605,5.270063493729338,0.023133056508528458,1.2878366954239489,0.9092879118586998
frozenset({'JUMBO BAG RED RETROSPOT'}),frozenset({'RECYCLING BAG RETROSPOT '}),0.10891923790254594,0.03990333277131456,0.02259315461136402,0.20743034055727555,5.19832119652902,0.01824691401614075,1.211371966854943,0.9063490494547133
frozenset({'RECYCLING BAG RETROSPOT '}),frozenset({'JUMBO BAG RED RETROSPOT'}),0.03990333277131456,0.10891923790254594,0.02259315461136402,0.5661971830985916,5.19832119652902,0.01824691401614075,2.054114743796079,0.8411967557867165
frozenset({'SET OF 3 CAKE TINS PANTRY DESIGN '}),frozenset({'RECIPE BOX PANTRY YELLOW DESIGN'}),0.06974652953408644,0.05805653908840555,0.020850896419940427,0.2989524576954069,5.149333087874516,0.016801654301764106,1.3436227988405616,0.8662156282121264
frozenset({'RECIPE BOX PANTRY YELLOW DESIGN'}),frozenset({'SET OF 3 CAKE TINS PANTRY DESIGN '}),0.05805653908840555,0.06974652953408644,0.020850896419940427,0.3591481122942885,5.149333087874516,0.016801654301764106,1.4515888746091976,0.8554654581245297
frozenset({'REGENCY CAKESTAND 3 TIER'}),frozenset({'GREEN REGENCY TEACUP AND SAUCER'}),0.09470016298544372,0.05249255325127859,0.025515652222784242,0.26943620178041544,5.132846186594145,0.020544598874366077,1.2969537349891112,0.8894029179689081
frozenset({'GREEN REGENCY TEACUP AND SAUCER'}),frozenset({'REGENCY CAKESTAND 3 TIER'}),0.05249255325127859,0.09470016298544372,0.025515652222784242,0.4860813704496788,5.132846186594145,0.020544598874366077,1.7615625995241575,0.8497836290790185
frozenset({'RED RETROSPOT CHARLOTTE BAG'}),frozenset({'LUNCH BAG RED RETROSPOT'}),0.05086269881414039,0.07823301298263362,0.020288877648513462,0.39889502762430945,5.098806915602973,0.016309735471855033,1.5334542706814647,0.8469540567742375
frozenset({'LUNCH BAG RED RETROSPOT'}),frozenset({'RED RETROSPOT CHARLOTTE BAG'}),0.07823301298263362,0.05086269881414039,0.020288877648513462,0.25933908045977017,5.098806915602973,0.016309735471855033,1.2814734464119464,0.8721029273095131
frozenset({'REGENCY CAKESTAND 3 TIER'}),frozenset({'ROSES REGENCY TEACUP AND SAUCER '}),0.09470016298544372,0.053785196425560615,0.025515652222784242,0.26943620178041544,5.0094862468954355,0.020422185355079548,1.2951843574516089,0.8841034744549183
frozenset({'ROSES REGENCY TEACUP AND SAUCER '}),frozenset({'REGENCY CAKESTAND 3 TIER'}),0.053785196425560615,0.09470016298544372,0.025515652222784242,0.47439916405433646,5.0094862468954355,0.020422185355079548,1.7224094314571181,0.845874243675447
frozenset({'PARTY BUNTING'}),frozenset({'SPOTTY BUNTING'}),0.08958579216545833,0.058506154105547124,0.025403248468498847,0.2835633626097867,4.846727099823185,0.020161928306399027,1.314134142167914,0.8717737410863886
frozenset({'SPOTTY BUNTING'}),frozenset({'PARTY BUNTING'}),0.058506154105547124,0.08958579216545833,0.025403248468498847,0.43419788664745435,4.846727099823184,0.020161928306399027,1.6090682348994187,0.8429956322742603
frozenset({'JUMBO BAG RED RETROSPOT'}),frozenset({'JUMBO BAG VINTAGE LEAF'}),0.10891923790254594,0.045860731748440395,0.022705558365649414,0.20846233230134162,4.545551812056093,0.017710442413956192,1.2054249686255036,0.8753468156654832
frozenset({'JUMBO BAG VINTAGE LEAF'}),frozenset({'JUMBO BAG RED RETROSPOT'}),0.045860731748440395,0.10891923790254594,0.022705558365649414,0.49509803921568635,4.545551812056092,0.017710442413956192,1.7648589851250547,0.8174956566163774
frozenset({'JUMBO BAG RED RETROSPOT'}),frozenset({'JUMBO BAG ALPHABET'}),0.10891923790254594,0.04765919181700669,0.02231214522565054,0.20485036119711045,4.298234052806824,0.017121142373890917,1.197687531640909,0.8611411508737481
frozenset({'JUMBO BAG ALPHABET'}),frozenset({'JUMBO BAG RED RETROSPOT'}),0.04765919181700669,0.10891923790254594,0.02231214522565054,0.4681603773584906,4.298234052806823,0.017121142373890917,1.6754689274027517,0.8057475920391428
frozenset({'RED RETROSPOT CHARLOTTE BAG'}),frozenset({'JUMBO BAG RED RETROSPOT'}),0.05086269881414039,0.10891923790254594,0.021693924577080876,0.42651933701657463,3.9159228914013995,0.016153998184577977,1.553811348166081,0.7845359736686441
frozenset({'JUMBO BAG RED RETROSPOT'}),frozenset({'RED RETROSPOT CHARLOTTE BAG'}),0.10891923790254594,0.05086269881414039,0.021693924577080876,0.19917440660474717,3.9159228914013995,0.016153998184577977,1.1851985114034767,0.8356508056333057
frozenset({'LUNCH BAG RED RETROSPOT'}),frozenset({'JUMBO BAG RED RETROSPOT'}),0.07823301298263362,0.10891923790254594,0.029843196762771876,0.38146551724137934,3.5022786110814565,0.021322116609883437,1.4406323122411802,0.775110860334064
frozenset({'JUMBO BAG RED RETROSPOT'}),frozenset({'LUNCH BAG RED RETROSPOT'}),0.10891923790254594,0.07823301298263362,0.029843196762771876,0.2739938080495356,3.502278611081456,0.021322116609883437,1.2696406686849013,0.8018034197627867
frozenset({'WHITE HANGING HEART T-LIGHT HOLDER'}),frozenset({'WOODEN PICTURE FRAME WHITE FINISH'}),0.12173326589108076,0.0604732198055415,0.022705558365649414,0.1865189289012004,3.0843227713188277,0.01534395581977166,1.1549460873446067,0.7694470157324813
frozenset({'WOODEN PICTURE FRAME WHITE FINISH'}),frozenset({'WHITE HANGING HEART T-LIGHT HOLDER'}),0.0604732198055415,0.12173326589108076,0.022705558365649414,0.37546468401486993,3.0843227713188277,0.01534395581977166,1.4062723302101146,0.7192766952713696
frozenset({'NATURAL SLATE HEART CHALKBOARD '}),frozenset({'WHITE HANGING HEART T-LIGHT HOLDER'}),0.06851008823694711,0.12173326589108076,0.023042769628505592,0.3363412633305989,2.7629363335370942,0.014702812840935905,1.3233710122110909,0.6849953056064892
frozenset({'WHITE HANGING HEART T-LIGHT HOLDER'}),frozenset({'NATURAL SLATE HEART CHALKBOARD '}),0.12173326589108076,0.06851008823694711,0.023042769628505592,0.18928901200369344,2.762936333537094,0.014702812840935905,1.1489790141678657,0.7265061876957798
frozenset({'JUMBO BAG RED RETROSPOT'}),frozenset({'LUNCH BAG  BLACK SKULL.'}),0.10891923790254594,0.06834148260551902,0.020513685157084245,0.18833849329205365,2.755844417060453,0.013069982954561014,1.1478411994345228,0.7150135431111572
frozenset({'LUNCH BAG  BLACK SKULL.'}),frozenset({'JUMBO BAG RED RETROSPOT'}),0.06834148260551902,0.10891923790254594,0.020513685157084245,0.3001644736842105,2.755844417060453,0.013069982954561014,1.2732716882614619,0.6838716128387161
frozenset({'HEART OF WICKER SMALL'}),frozenset({'WHITE HANGING HEART T-LIGHT HOLDER'}),0.0654189849940988,0.12173326589108076,0.021075703928511214,0.32216494845360827,2.6464824228232002,0.013112037233899962,1.2956938891036527,0.6656886162727765
frozenset({'WHITE HANGING HEART T-LIGHT HOLDER'}),frozenset({'HEART OF WICKER SMALL'}),0.12173326589108076,0.0654189849940988,0.021075703928511214,0.1731301939058172,2.6464824228232002,0.013112037233899962,1.130263807092564,0.708372432328662
frozenset({'PARTY BUNTING'}),frozenset({'REGENCY CAKESTAND 3 TIER'}),0.08958579216545833,0.09470016298544372,0.02045748327994155,0.22835633626097868,2.4113615970869993,0.011973694160692562,1.1732097074806525,0.6428903832755923
frozenset({'REGENCY CAKESTAND 3 TIER'}),frozenset({'PARTY BUNTING'}),0.09470016298544372,0.08958579216545833,0.02045748327994155,0.21602373887240356,2.4113615970869993,0.011973694160692562,1.1612777745656342,0.6465223068463695
frozenset({'PARTY BUNTING'}),frozenset({'WHITE HANGING HEART T-LIGHT HOLDER'}),0.08958579216545833,0.12173326589108076,0.021244309559939303,0.23713927227101633,1.9480235787249278,0.010338738502198465,1.1512805708631721,0.5345470080947581
frozenset({'WHITE HANGING HEART T-LIGHT HOLDER'}),frozenset({'PARTY BUNTING'}),0.12173326589108076,0.08958579216545833,0.021244309559939303,0.1745152354570637,1.9480235787249276,0.010338738502198465,1.10288432559822,0.5541132004944638
frozenset({'JUMBO BAG RED RETROSPOT'}),frozenset({'WHITE HANGING HEART T-LIGHT HOLDER'}),0.10891923790254594,0.12173326589108076,0.024672624065643793,0.22652218782249742,1.8608076121540613,0.011413529517399287,1.135477605539083,0.5191436631373877
frozenset({'WHITE HANGING HEART T-LIGHT HOLDER'}),frozenset({'JUMBO BAG RED RETROSPOT'}),0.12173326589108076,0.10891923790254594,0.024672624065643793,0.20267774699907665,1.8608076121540613,0.011413529517399287,1.1175917375235005,0.5267180379499125
