support,itemsets
0.020401281402798854,frozenset({'3 HOOK PHOTO SHELF ANTIQUE WHITE'})
0.024560220311358398,frozenset({'3 STRIPEY MICE FELTCRAFT'})
0.022143539594222446,frozenset({'4 TRADITIONAL SPINNING TOPS'})
0.048052604957005564,frozenset({'6 RIBBONS RUSTIC CHARM'})
0.020850896419940427,frozenset({'60 CAKE CASES DOLLY GIRL DESIGN'})
0.032653290619906704,frozenset({'60 CAKE CASES VINTAGE CHRISTMAS'})
0.04232001348845051,frozenset({'60 TEATIME FAIRY CAKE CASES'})
0.031192041814196596,frozenset({'72 SWEETHEART FAIRY CAKE CASES'})
0.021131905805653908,frozenset({'AIRLINE BAG VINTAGE TOKYO 78'})
0.021356713314224694,frozenset({'ALARM CLOCK BAKELIKE CHOCOLATE'})
0.04923284437700219,frozenset({'ALARM CLOCK BAKELIKE GREEN'})
0.029449783622773,frozenset({'ALARM CLOCK BAKELIKE IVORY'})
0.02231214522565054,frozenset({'ALARM CLOCK BAKELIKE ORANGE'})
0.03686843140560895,frozenset({'ALARM CLOCK BAKELIKE PINK'})
0.05226774574270781,frozenset({'ALARM CLOCK BAKELIKE RED '})
0.03799246894846288,frozenset({'ANTIQUE SILVER T-LIGHT GLASS'})
0.023998201539931433,frozenset({'AREA PATROLLED METAL SIGN'})
0.077052773562637,frozenset({'ASSORTED COLOUR BIRD ORNAMENT'})
0.0278199291856348,frozenset({'ASSORTED COLOURS SILK FAN'})
0.04434328106558759,frozenset({'BAKING SET 9 PIECE RETROSPOT '})
0.02259315461136402,frozenset({'BAKING SET SPACEBOY DESIGN'})
0.03467655819704378,frozenset({'BATHROOM METAL SIGN'})
0.023660990277075255,frozenset({'BEWARE OF THE CAT METAL SIGN '})
0.020064070139942675,frozenset({'BLACK RECORD COVER FRAME'})
0.028831562974203338,frozenset({'BLUE HARMONICA IN BOX '})
0.02163772269993818,frozenset({'BLUE STRIPE CERAMIC DRAWER KNOB'})
0.031135839937053898,frozenset({'BOX OF 24 COCKTAIL PARASOLS'})
0.020288877648513462,"frozenset({""BOX OF 6 MINI 50'S CRACKERS""})"
0.02090709829708312,frozenset({'CANDLEHOLDER PINK HANGING HEART'})
0.023717192154217952,frozenset({'CARD BILLBOARD FONT'})
0.020288877648513462,frozenset({'CERAMIC STRAWBERRY CAKE MONEY BANK'})
0.0278199291856348,frozenset({'CHARLOTTE BAG APPLES DESIGN'})
0.037880065194177484,frozenset({'CHARLOTTE BAG PINK POLKADOT'})
0.04518630922272804,frozenset({'CHARLOTTE BAG SUKI DESIGN'})
0.022817962119934806,frozenset({'CHARLOTTE BAG VINTAGE ALPHABET '})
0.021244309559939303,frozenset({'CHICK GREY HOT WATER BOTTLE'})
0.026358680379924688,frozenset({'CHILDRENS APRON SPACEBOY DESIGN'})
0.03664362389703816,frozenset({'CHILLI LIGHTS'})
0.046085539257011185,frozenset({'CHOCOLATE HOT WATER BOTTLE'})
0.02500983532849997,frozenset({'CHOCOLATE THIS WAY METAL SIGN'})
0.028381947957061764,frozenset({'CHRISTMAS CRAFT LITTLE FRIENDS'})
0.024110605294216828,frozenset({'CHRISTMAS CRAFT TREE TOP ANGEL'})
0.02012027201708537,frozenset({'CHRISTMAS CRAFT WHITE FAIRY '})
0.023660990277075255,frozenset({'CLEAR DRAWER KNOB ACRYLIC EDWARDIAN'})
0.03861068959703254,frozenset({'CLOTHES PEGS RETROSPOT PACK 24 '})
0.03349631877704715,frozenset({'COLOUR GLASS T-LIGHT HOLDER HANGING'})
0.03872309335131793,frozenset({'COOK WITH WINE METAL SIGN '})
0.02832574607991907,frozenset({'CREAM HEART CARD HOLDER'})
0.027707525431349408,frozenset({'CREAM SWEETHEART MINI CHEST'})
0.0392851121227449,frozenset({'DOLLY GIRL LUNCH BOX'})
0.021075703928511214,frozenset({'DOORMAT ENGLISH ROSE '})
0.025965267239925812,frozenset({'DOORMAT FANCY FONT HOME SWEET HOME'})
0.03169785870848087,frozenset({'DOORMAT HEARTS'})
0.03911650649131681,frozenset({'DOORMAT KEEP CALM AND COME IN'})
0.03158545495419547,frozenset({'DOORMAT NEW ENGLAND'})
0.035069971337042656,frozenset({'DOORMAT RED RETROSPOT'})
0.023998201539931433,frozenset({'DOORMAT SPOTTY HOME SWEET HOME'})
0.032597088742764006,frozenset({'DOORMAT UNION FLAG'})
0.022199741471365143,frozenset({'DOORMAT WELCOME TO OUR HOME'})
0.039790929017029165,frozenset({'DOTCOM POSTAGE'})
0.02753891979992132,frozenset({'EDWARDIAN PARASOL NATURAL'})
0.024504018434215704,frozenset({'ENAMEL BREAD BIN CREAM'})
0.02680829539706626,frozenset({'ENAMEL FLOWER JUG CREAM'})
0.020345079525656156,frozenset({'ENAMEL MEASURING JUG CREAM'})
0.02276176024279211,frozenset({'FAWN BLUE HOT WATER BOTTLE'})
0.029056370482774124,frozenset({'FELTCRAFT 6 FLOWER FRIENDS'})
0.025909065362783118,frozenset({'FELTCRAFT BUTTERFLY HEARTS'})
0.02517844095992806,frozenset({'FELTCRAFT CUSHION OWL'})
0.020682290788512338,frozenset({'FELTCRAFT CUSHION RABBIT'})
0.02321137525993368,frozenset({'FELTCRAFT PRINCESS CHARLOTTE DOLL'})
0.020738492665655032,frozenset({'FELTCRAFT PRINCESS LOLA DOLL'})
0.022930365874220197,frozenset({'FLORAL FOLK STATIONERY SET'})
0.021356713314224694,frozenset({'FOUR HOOK  WHITE LOVEBIRDS'})
0.04215140785702243,frozenset({'GARDENERS KNEELING PAD CUP OF TEA '})
0.050469285674141516,frozenset({'GARDENERS KNEELING PAD KEEP CALM '})
0.04108357219131119,frozenset({'GIN + TONIC DIET METAL SIGN'})
0.033440116899904455,frozenset({'GINGERBREAD MAN COOKIE CUTTER'})
0.02163772269993818,frozenset({'GINGHAM HEART DECORATION'})
0.05249255325127859,frozenset({'GREEN REGENCY TEACUP AND SAUCER'})
0.029899398639914573,frozenset({'GREY HEART HOT WATER BOTTLE'})
0.03214747372562243,frozenset({'GUMBALL COAT RACK'})
0.037542853931321306,frozenset({'HAND OVER THE CHOCOLATE   SIGN '})
0.03023660990277075,frozenset({'HAND WARMER BIRD DESIGN'})
0.03535098072275614,frozenset({'HAND WARMER OWL DESIGN'})
0.021693924577080876,frozenset({'HAND WARMER RED LOVE HEART'})
0.02012027201708537,frozenset({'HAND WARMER RED RETROSPOT'})
0.03012420614848536,frozenset({'HAND WARMER SCOTTY DOG DESIGN'})
0.026752093519923567,frozenset({'HAND WARMER UNION JACK'})
0.03877929522846063,frozenset({'HANGING HEART JAR T-LIGHT HOLDER'})
0.03248468498847862,frozenset({'HANGING HEART ZINC T-LIGHT HOLDER'})
0.020850896419940427,frozenset({'HEART IVORY TRELLIS SMALL'})
0.05142471758556736,frozenset({'HEART OF WICKER LARGE'})
0.0654189849940988,frozenset({'HEART OF WICKER SMALL'})
0.04203900410273703,frozenset({'HOME BUILDING BLOCK WORD'})
0.03304670375990558,frozenset({'HOMEMADE JAM SCENTED CANDLES'})
0.03360872253133255,frozenset({'HOT BATHS METAL SIGN'})
0.03568819198561232,frozenset({'HOT WATER BOTTLE I AM SO POORLY'})
0.04243241724273591,frozenset({'HOT WATER BOTTLE KEEP CALM'})
0.03473276007418648,frozenset({'HOT WATER BOTTLE TEA AND SYMPATHY'})
0.021356713314224694,frozenset({'IVORY DINER WALL CLOCK'})
0.034002135671331424,frozenset({'IVORY KITCHEN SCALES'})
0.05665149215983814,frozenset({'JAM MAKING SET PRINTED'})
0.05614567526555387,frozenset({'JAM MAKING SET WITH JARS'})
0.05114370819985387,frozenset({'JUMBO  BAG BAROQUE BLACK WHITE'})
0.03776766143989209,"frozenset({""JUMBO BAG 50'S CHRISTMAS ""})"
0.04765919181700669,frozenset({'JUMBO BAG ALPHABET'})
0.04973866127128646,frozenset({'JUMBO BAG APPLES'})
0.02652728601135278,frozenset({'JUMBO BAG DOILEY PATTERNS'})
0.023829595908503344,frozenset({'JUMBO BAG DOLLY GIRL DESIGN'})
0.03467655819704378,frozenset({'JUMBO BAG OWLS'})
0.030798628674197717,frozenset({'JUMBO BAG PEARS'})
0.06513797560838532,frozenset({'JUMBO BAG PINK POLKADOT'})
0.045804529871297704,frozenset({'JUMBO BAG PINK VINTAGE PAISLEY'})
0.10891923790254594,frozenset({'JUMBO BAG RED RETROSPOT'})
0.03568819198561232,frozenset({'JUMBO BAG SCANDINAVIAN BLUE PAISLEY'})
0.03501376945989996,frozenset({'JUMBO BAG SPACEBOY DESIGN'})
0.04451188669701568,frozenset({'JUMBO BAG STRAWBERRY'})
0.02849435171134716,frozenset({'JUMBO BAG TOYS '})
0.02568425785421233,frozenset({'JUMBO BAG VINTAGE CHRISTMAS '})
0.03681222952846625,frozenset({'JUMBO BAG VINTAGE DOILY '})
0.045860731748440395,frozenset({'JUMBO BAG VINTAGE LEAF'})
0.04130837969988198,frozenset({'JUMBO BAG WOODLAND ANIMALS'})
0.06367672680267521,frozenset({'JUMBO SHOPPER VINTAGE RED PAISLEY'})
0.03844208396560445,frozenset({'JUMBO STORAGE BAG SKULLS'})
0.06350812117124711,frozenset({'JUMBO STORAGE BAG SUKI'})
0.02079469454279773,"frozenset({'KEY FOB , SHED'})"
0.02517844095992806,frozenset({'KNITTED UNION FLAG HOT WATER BOTTLE'})
0.025909065362783118,frozenset({'LADIES & GENTLEMEN METAL SIGN'})
0.031023436182768503,frozenset({'LARGE WHITE HEART OF WICKER'})
0.03411453942561682,frozenset({'LOVE BUILDING BLOCK WORD'})
0.025571854099926936,frozenset({'LOVE HOT WATER BOTTLE'})
0.030180408025628058,frozenset({'LOVEBIRD HANGING DECORATION WHITE '})
0.06834148260551902,frozenset({'LUNCH BAG  BLACK SKULL.'})
0.038666891474175236,frozenset({'LUNCH BAG ALPHABET DESIGN'})
0.05142471758556736,frozenset({'LUNCH BAG APPLE DESIGN'})
0.059854999156971844,frozenset({'LUNCH BAG CARS BLUE'})
0.02472882594278649,frozenset({'LUNCH BAG DOILEY PATTERN '})
0.033777328162760634,frozenset({'LUNCH BAG DOLLY GIRL DESIGN'})
0.056539088405552745,frozenset({'LUNCH BAG PINK POLKADOT'})
0.07823301298263362,frozenset({'LUNCH BAG RED RETROSPOT'})
0.05833754847411904,frozenset({'LUNCH BAG SPACEBOY DESIGN '})
0.05743831843983589,frozenset({'LUNCH BAG SUKI DESIGN '})
0.030630023042769627,frozenset({'LUNCH BAG VINTAGE DOILY '})
0.03501376945989996,frozenset({'LUNCH BAG VINTAGE LEAF DESIGN'})
0.04895183499128871,frozenset({'LUNCH BAG WOODLAND'})
0.03653122014275277,frozenset({'LUNCH BOX I LOVE LONDON'})
0.020569887034226943,frozenset({'LUNCH BOX WITH CUTLERY RETROSPOT '})
0.023604788399932557,frozenset({'MEMO BOARD RETROSPOT  DESIGN'})
0.02652728601135278,frozenset({'METAL 4 HOOK HANGER FRENCH CHATEAU'})
0.020850896419940427,frozenset({'METAL SIGN TAKE IT OR LEAVE IT '})
0.025965267239925812,frozenset({'NATURAL SLATE CHALKBOARD LARGE '})
0.06851008823694711,frozenset({'NATURAL SLATE HEART CHALKBOARD '})
0.022817962119934806,frozenset({'NATURAL SLATE RECTANGLE CHALKBOARD'})
0.027033102905637048,frozenset({'NO SINGING METAL SIGN'})
0.023323779014219077,frozenset({'PACK OF 12 HEARTS DESIGN TISSUES '})
0.027707525431349408,frozenset({'PACK OF 12 LONDON TISSUES '})
0.022143539594222446,frozenset({'PACK OF 12 TRADITIONAL CRAYONS'})
0.0327656943741921,frozenset({'PACK OF 20 NAPKINS PANTRY DESIGN'})
0.030573821165626933,frozenset({'PACK OF 60 DINOSAUR CAKE CASES'})
0.043893666048446016,frozenset({'PACK OF 60 PINK PAISLEY CAKE CASES'})
0.024785027819929185,frozenset({'PACK OF 60 SPACEBOY CAKE CASES'})
0.06345191929410442,frozenset({'PACK OF 72 RETROSPOT CAKE CASES'})
0.03388973191704603,frozenset({'PACK OF 72 SKULL CAKE CASES'})
0.02309897150564829,frozenset({'PANTRY MAGNETIC  SHOPPING LIST'})
0.03984713089417186,frozenset({'PAPER BUNTING RETROSPOT'})
0.06322711178553364,"frozenset({""PAPER CHAIN KIT 50'S CHRISTMAS ""})"
0.024279210925644917,frozenset({'PAPER CHAIN KIT EMPIRE'})
0.032597088742764006,frozenset({'PAPER CHAIN KIT RETROSPOT'})
0.044961501714157255,frozenset({'PAPER CHAIN KIT VINTAGE CHRISTMAS'})
0.08958579216545833,frozenset({'PARTY BUNTING'})
0.025515652222784242,frozenset({'PARTY METAL SIGN '})
0.02680829539706626,frozenset({'PHOTO FRAME CORNICE'})
0.02422300904850222,frozenset({'PICNIC BASKET WICKER LARGE'})
0.02534704659135615,frozenset({'PICNIC BASKET WICKER SMALL'})
0.02765132355420671,frozenset({'PINK BLUE FELT CRAFT TRINKET BOX'})
0.03327151126847637,frozenset({'PINK CREAM FELT CRAFT TRINKET BOX '})
0.025459450345641545,frozenset({'PINK FAIRY CAKE CHILDRENS APRON'})
0.039509919631315685,frozenset({'PINK REGENCY TEACUP AND SAUCER'})
0.021412915191367392,frozenset({'PINK VINTAGE PAISLEY PICNIC BAG'})
0.02062608891136964,frozenset({'PLASTERS IN TIN CIRCUS PARADE '})
0.02748271792277862,frozenset({'PLASTERS IN TIN SKULLS'})
0.027763727308492105,frozenset({'PLASTERS IN TIN SPACEBOY'})
0.021806328331366268,frozenset({'PLASTERS IN TIN STRONGMAN'})
0.02748271792277862,frozenset({'PLASTERS IN TIN VINTAGE PAISLEY '})
0.027314112291350532,frozenset({'PLASTERS IN TIN WOODLAND ANIMALS'})
0.045804529871297704,frozenset({'PLEASE ONE PERSON METAL SIGN'})
0.041982802225594334,frozenset({'POPCORN HOLDER'})
0.02045748327994155,"frozenset({""POPPY'S PLAYHOUSE BEDROOM ""})"
0.021075703928511214,"frozenset({""POPPY'S PLAYHOUSE KITCHEN""})"
0.02995560051705727,frozenset({'POTTERING IN THE SHED METAL SIGN'})
0.04681616365986624,frozenset({'RABBIT NIGHT LIGHT'})
0.05805653908840555,frozenset({'RECIPE BOX PANTRY YELLOW DESIGN'})
0.022930365874220197,frozenset({'RECIPE BOX RETROSPOT '})
0.03990333277131456,frozenset({'RECYCLING BAG RETROSPOT '})
0.0310796380599112,frozenset({'RED  HARMONICA IN BOX '})
0.02354858652278986,frozenset({'RED DINER WALL CLOCK'})
0.03956612150845838,frozenset({'RED HANGING HEART T-LIGHT HOLDER'})
0.025796661608497723,frozenset({'RED KITCHEN SCALES'})
0.021356713314224694,frozenset({'RED RETROSPOT BOWL'})
0.025515652222784242,frozenset({'RED RETROSPOT CAKE STAND'})
0.05086269881414039,frozenset({'RED RETROSPOT CHARLOTTE BAG'})
0.02242454897993593,frozenset({'RED RETROSPOT OVEN GLOVE '})
0.025796661608497723,frozenset({'RED RETROSPOT PEG BAG'})
0.025290844714213456,frozenset({'RED RETROSPOT PICNIC BAG'})
0.02978699488562918,frozenset({'RED RETROSPOT SHOPPER BAG'})
0.02163772269993818,frozenset({'RED STRIPE CERAMIC DRAWER KNOB'})
0.037037037037037035,frozenset({'RED TOADSTOOL LED NIGHT LIGHT'})
0.02309897150564829,frozenset({'RED WOOLLY HOTTIE WHITE HEART.'})
0.09470016298544372,frozenset({'REGENCY CAKESTAND 3 TIER'})
0.021412915191367392,frozenset({'REGENCY TEA PLATE ROSES '})
0.03192266621705165,frozenset({'RETROSPOT HEART HOT WATER BOTTLE'})
0.04569212611701231,frozenset({'RETROSPOT TEA SET CERAMIC 11 PC '})
0.04838981621986174,frozenset({'REX CASH+CARRY JUMBO SHOPPER'})
0.02158152082279548,frozenset({'RIBBON REEL STRIPES DESIGN '})
0.053785196425560615,frozenset({'ROSES REGENCY TEACUP AND SAUCER '})
0.02405440341707413,frozenset({'ROTATING SILVER ANGELS T-LIGHT HLDR'})
0.022199741471365143,frozenset({'ROUND SNACK BOXES SET OF 4 FRUITS '})
0.02405440341707413,frozenset({'ROUND SNACK BOXES SET OF4 WOODLAND '})
0.023492384645647166,frozenset({'SCANDINAVIAN PAISLEY PICNIC BAG'})
0.02309897150564829,frozenset({'SCANDINAVIAN REDS RIBBONS'})
0.04125217782273928,frozenset({'SCOTTIE DOG HOT WATER BOTTLE'})
0.021075703928511214,"frozenset({'SET 3 RETROSPOT TEA,COFFEE,SUGAR'})"
0.02163772269993818,frozenset({'SET 6 SCHOOL MILK BOTTLES IN CRATE'})
0.02652728601135278,frozenset({'SET OF 12 FAIRY CAKE BAKING CASES'})
0.02158152082279548,frozenset({'SET OF 12 MINI LOAF BAKING CASES'})
0.025290844714213456,frozenset({'SET OF 20 KIDS COOKIE CUTTERS'})
0.03209127184847974,frozenset({'SET OF 20 VINTAGE CHRISTMAS NAPKINS'})
0.035631990108469624,frozenset({'SET OF 3 BUTTERFLY COOKIE CUTTERS'})
0.06974652953408644,frozenset({'SET OF 3 CAKE TINS PANTRY DESIGN '})
0.03523857696847075,frozenset({'SET OF 3 HEART COOKIE CUTTERS'})
0.021356713314224694,frozenset({'SET OF 3 NOTEBOOKS IN PARCEL'})
0.04080256280559771,frozenset({'SET OF 3 REGENCY CAKE TINS'})
0.023941999662788736,frozenset({'SET OF 3 WOODEN HEART DECORATIONS'})
0.05620187714269657,frozenset({'SET OF 4 PANTRY JELLY MOULDS'})
0.02158152082279548,frozenset({'SET OF 6 RIBBONS VINTAGE CHRISTMAS'})
0.02231214522565054,frozenset({'SET OF 6 SOLDIER SKITTLES'})
0.04327544539987636,frozenset({'SET OF 6 SPICE TINS PANTRY DESIGN'})
0.021019502051368516,frozenset({'SET OF 60 I LOVE LONDON CAKE CASES '})
0.030630023042769627,frozenset({'SET OF 60 PANTRY DESIGN CAKE CASES '})
0.025796661608497723,frozenset({'SET OF 72 PINK HEART PAPER DOILIES'})
0.02079469454279773,frozenset({'SET OF 72 RETROSPOT PAPER  DOILIES'})
0.02225594334850784,frozenset({'SET OF TEA COFFEE SUGAR TINS PANTRY'})
0.020064070139942675,frozenset({'SET/2 RED RETROSPOT TEA TOWELS '})
0.047209576799865115,frozenset({'SET/20 RED RETROSPOT PAPER NAPKINS '})
0.023941999662788736,frozenset({'SET/3 RED GINGHAM ROSE STORAGE BOX'})
0.045860731748440395,frozenset({'SET/5 RED RETROSPOT LID GLASS BOWLS'})
0.023492384645647166,frozenset({'SET/6 RED SPOTTY PAPER PLATES'})
0.027201708537065137,frozenset({'SINGLE HEART ZINC T-LIGHT HOLDER'})
0.022649356488506717,frozenset({'SKULL SHOULDER BAG'})
0.02866295734277525,frozenset({'SMALL DOLLY MIX DESIGN ORANGE BOWL'})
0.029730793008486484,frozenset({'SMALL GLASS HEART TRINKET POT'})
0.02517844095992806,frozenset({'SMALL HEART MEASURING SPOONS'})
0.024166807171359522,frozenset({'SMALL MARSHMALLOWS PINK BOWL'})
0.030854830551340414,frozenset({'SMALL POPCORN HOLDER'})
0.034451750688473,frozenset({'SMALL WHITE HEART OF WICKER'})
0.022930365874220197,frozenset({'SOLDIERS EGG CUP '})
0.023829595908503344,frozenset({'SPACEBOY BIRTHDAY CARD'})
0.03939751587703029,frozenset({'SPACEBOY LUNCH BOX '})
0.058506154105547124,frozenset({'SPOTTY BUNTING'})
0.0360254032484685,frozenset({'STRAWBERRY CERAMIC TRINKET BOX'})
0.03782386331703479,frozenset({'STRAWBERRY CHARLOTTE BAG'})
0.025290844714213456,frozenset({'STRAWBERRY LUNCH BOX WITH CUTLERY'})
0.021974933962794357,frozenset({'STRAWBERRY SHOPPER BAG'})
0.02849435171134716,frozenset({'SUKI  SHOULDER BAG'})
0.020007868262799978,frozenset({'SWEETHEART CAKESTAND 3 TIER'})
0.026920699151351656,frozenset({'SWEETHEART CERAMIC TRINKET BOX'})
0.025290844714213456,frozenset({'TEA TIME PARTY BUNTING'})
0.022199741471365143,frozenset({'TOILET METAL SIGN'})
0.02405440341707413,frozenset({'TOILET SIGN OCCUPIED OR VACANT'})
0.02517844095992806,frozenset({'TOY TIDY PINK POLKADOT'})
0.03214747372562243,frozenset({'TRADITIONAL KNITTING NANCY'})
0.02062608891136964,frozenset({'TRADITIONAL MODELLING CLAY'})
0.021412915191367392,frozenset({'TRADITIONAL WOODEN CATCH CUP GAME '})
0.021806328331366268,frozenset({'TRADITIONAL WOODEN SKIPPING ROPE'})
0.029505985499915698,frozenset({'TRAVEL CARD WALLET KEEP CALM'})
0.022705558365649414,frozenset({'TRAVEL CARD WALLET VINTAGE TICKET'})
0.022986567751362895,frozenset({'TRAVEL SEWING KIT'})
0.05631428089698196,frozenset({'VICTORIAN GLASS HANGING T-LIGHT'})
0.02175012645422357,frozenset({'VINTAGE CHRISTMAS BUNTING'})
0.022031135839937054,frozenset({'VINTAGE CREAM DOG FOOD CONTAINER'})
0.021075703928511214,frozenset({'VINTAGE DOILY TRAVEL SEWING KIT'})
0.031023436182768503,frozenset({'VINTAGE HEADS AND TAILS CARD GAME '})
0.023717192154217952,frozenset({'VINTAGE PAISLEY STATIONERY SET'})
0.020569887034226943,frozenset({'VINTAGE SNAKES & LADDERS'})
0.049176642499859494,frozenset({'VINTAGE SNAP CARDS'})
0.026077670994211207,frozenset({'VINTAGE UNION JACK BUNTING'})
0.12173326589108076,frozenset({'WHITE HANGING HEART T-LIGHT HOLDER'})
0.02697690102849435,frozenset({'WHITE SKULL HOT WATER BOTTLE '})
0.02231214522565054,frozenset({'WHITE WOOD GARDEN PLANT LADDER'})
0.02242454897993593,frozenset({'WICKER STAR '})
0.030011802394199965,frozenset({'WOOD 2 DRAWER CABINET WHITE FINISH'})
0.036756027651323554,frozenset({'WOOD BLACK BOARD ANT WHITE FINISH'})
0.022087337717079752,frozenset({'WOOD S/3 CABINET ANT WHITE FINISH'})
0.030573821165626933,frozenset({'WOODEN BOX OF DOMINOES'})
0.052942168268420166,frozenset({'WOODEN FRAME ANTIQUE WHITE '})
0.02860675546563255,frozenset({'WOODEN HEART CHRISTMAS SCANDINAVIAN'})
0.0604732198055415,frozenset({'WOODEN PICTURE FRAME WHITE FINISH'})
0.021806328331366268,frozenset({'WOODEN SCHOOL COLOURING SET'})
0.026920699151351656,frozenset({'WOODEN STAR CHRISTMAS SCANDINAVIAN'})
0.02253695273422132,frozenset({'WOODEN UNION JACK BUNTING'})
0.038385882088461755,frozenset({'WOODLAND CHARLOTTE BAG'})
0.027145506659922443,frozenset({'WORLD WAR 2 GLIDERS ASSTD DESIGNS'})
0.024166807171359522,"frozenset({""YOU'RE CONFUSING ME METAL SIGN ""})"
0.02405440341707413,frozenset({'ZINC FOLKART SLEIGH BELLS'})
0.028775361097060644,frozenset({'ZINC METAL HEART DECORATION'})
0.022986567751362895,"frozenset({'60 TEATIME FAIRY CAKE CASES', 'PACK OF 72 RETROSPOT CAKE CASES'})"
0.03164165683133817,"frozenset({'ALARM CLOCK BAKELIKE GREEN', 'ALARM CLOCK BAKELIKE RED '})"
0.022087337717079752,"frozenset({'ALARM CLOCK BAKELIKE PINK', 'ALARM CLOCK BAKELIKE RED '})"
0.02158152082279548,"frozenset({'CHARLOTTE BAG SUKI DESIGN', 'CHARLOTTE BAG PINK POLKADOT'})"
0.026920699151351656,"frozenset({'CHARLOTTE BAG PINK POLKADOT', 'RED RETROSPOT CHARLOTTE BAG'})"
0.020345079525656156,"frozenset({'CHARLOTTE BAG PINK POLKADOT', 'STRAWBERRY CHARLOTTE BAG'})"
0.020064070139942675,"frozenset({'CHARLOTTE BAG PINK POLKADOT', 'WOODLAND CHARLOTTE BAG'})"
0.02669589164278087,"frozenset({'CHARLOTTE BAG SUKI DESIGN', 'RED RETROSPOT CHARLOTTE BAG'})"
0.022087337717079752,"frozenset({'CHARLOTTE BAG SUKI DESIGN', 'STRAWBERRY CHARLOTTE BAG'})"
0.02321137525993368,"frozenset({'CHARLOTTE BAG SUKI DESIGN', 'WOODLAND CHARLOTTE BAG'})"
0.021300511437082,"frozenset({'HOT WATER BOTTLE I AM SO POORLY', 'CHOCOLATE HOT WATER BOTTLE'})"
0.023941999662788736,"frozenset({'SPACEBOY LUNCH BOX ', 'DOLLY GIRL LUNCH BOX'})"
0.027257910414207834,"frozenset({'JUMBO BAG RED RETROSPOT', 'DOTCOM POSTAGE'})"
0.020288877648513462,"frozenset({'DOTCOM POSTAGE', 'JUMBO BAG WOODLAND ANIMALS'})"
0.020401281402798854,"frozenset({'DOTCOM POSTAGE', 'JUMBO SHOPPER VINTAGE RED PAISLEY'})"
0.022199741471365143,"frozenset({'DOTCOM POSTAGE', 'JUMBO STORAGE BAG SUKI'})"
0.03040521553419884,"frozenset({'GARDENERS KNEELING PAD CUP OF TEA ', 'GARDENERS KNEELING PAD KEEP CALM '})"
0.03242848311133592,"frozenset({'PINK REGENCY TEACUP AND SAUCER', 'GREEN REGENCY TEACUP AND SAUCER'})"
0.025515652222784242,"frozenset({'REGENCY CAKESTAND 3 TIER', 'GREEN REGENCY TEACUP AND SAUCER'})"
0.03939751587703029,"frozenset({'GREEN REGENCY TEACUP AND SAUCER', 'ROSES REGENCY TEACUP AND SAUCER '})"
0.027145506659922443,"frozenset({'HEART OF WICKER SMALL', 'HEART OF WICKER LARGE'})"
0.021075703928511214,"frozenset({'WHITE HANGING HEART T-LIGHT HOLDER', 'HEART OF WICKER SMALL'})"
0.023604788399932557,"frozenset({'JAM MAKING SET PRINTED', 'JAM MAKING SET WITH JARS'})"
0.022874163997077503,"frozenset({'JUMBO  BAG BAROQUE BLACK WHITE', 'JUMBO BAG PINK POLKADOT'})"
0.032035069971337045,"frozenset({'JUMBO BAG RED RETROSPOT', 'JUMBO  BAG BAROQUE BLACK WHITE'})"
0.02326757713707638,"frozenset({'JUMBO  BAG BAROQUE BLACK WHITE', 'JUMBO SHOPPER VINTAGE RED PAISLEY'})"
0.02354858652278986,"frozenset({'JUMBO  BAG BAROQUE BLACK WHITE', 'JUMBO STORAGE BAG SUKI'})"
0.02062608891136964,"frozenset({'JUMBO BAG APPLES', 'JUMBO BAG ALPHABET'})"
0.02231214522565054,"frozenset({'JUMBO BAG RED RETROSPOT', 'JUMBO BAG ALPHABET'})"
0.02090709829708312,"frozenset({'JUMBO BAG APPLES', 'JUMBO BAG PEARS'})"
0.028550553588489857,"frozenset({'JUMBO BAG APPLES', 'JUMBO BAG RED RETROSPOT'})"
0.020288877648513462,"frozenset({'JUMBO BAG APPLES', 'JUMBO STORAGE BAG SUKI'})"
0.02079469454279773,"frozenset({'JUMBO BAG OWLS', 'JUMBO BAG RED RETROSPOT'})"
0.02045748327994155,"frozenset({'JUMBO BAG PINK VINTAGE PAISLEY', 'JUMBO BAG PINK POLKADOT'})"
0.044118473557016806,"frozenset({'JUMBO BAG RED RETROSPOT', 'JUMBO BAG PINK POLKADOT'})"
0.02231214522565054,"frozenset({'JUMBO BAG WOODLAND ANIMALS', 'JUMBO BAG PINK POLKADOT'})"
0.025515652222784242,"frozenset({'JUMBO SHOPPER VINTAGE RED PAISLEY', 'JUMBO BAG PINK POLKADOT'})"
0.028381947957061764,"frozenset({'JUMBO STORAGE BAG SUKI', 'JUMBO BAG PINK POLKADOT'})"
0.027426516045635924,"frozenset({'JUMBO BAG RED RETROSPOT', 'JUMBO BAG PINK VINTAGE PAISLEY'})"
0.02253695273422132,"frozenset({'JUMBO SHOPPER VINTAGE RED PAISLEY', 'JUMBO BAG PINK VINTAGE PAISLEY'})"
0.020064070139942675,"frozenset({'JUMBO STORAGE BAG SUKI', 'JUMBO BAG PINK VINTAGE PAISLEY'})"
0.02405440341707413,"frozenset({'JUMBO BAG RED RETROSPOT', 'JUMBO BAG SCANDINAVIAN BLUE PAISLEY'})"
0.021974933962794357,"frozenset({'JUMBO BAG RED RETROSPOT', 'JUMBO BAG SPACEBOY DESIGN'})"
0.029056370482774124,"frozenset({'JUMBO BAG STRAWBERRY', 'JUMBO BAG RED RETROSPOT'})"
0.022705558365649414,"frozenset({'JUMBO BAG RED RETROSPOT', 'JUMBO BAG VINTAGE LEAF'})"
0.026639689765638172,"frozenset({'JUMBO BAG RED RETROSPOT', 'JUMBO BAG WOODLAND ANIMALS'})"
0.03692463328275165,"frozenset({'JUMBO BAG RED RETROSPOT', 'JUMBO SHOPPER VINTAGE RED PAISLEY'})"
0.02276176024279211,"frozenset({'JUMBO STORAGE BAG SKULLS', 'JUMBO BAG RED RETROSPOT'})"
0.039228910245602204,"frozenset({'JUMBO BAG RED RETROSPOT', 'JUMBO STORAGE BAG SUKI'})"
0.020513685157084245,"frozenset({'JUMBO BAG RED RETROSPOT', 'LUNCH BAG  BLACK SKULL.'})"
0.029843196762771876,"frozenset({'JUMBO BAG RED RETROSPOT', 'LUNCH BAG RED RETROSPOT'})"
0.02259315461136402,"frozenset({'JUMBO BAG RED RETROSPOT', 'RECYCLING BAG RETROSPOT '})"
0.021693924577080876,"frozenset({'JUMBO BAG RED RETROSPOT', 'RED RETROSPOT CHARLOTTE BAG'})"
0.024672624065643793,"frozenset({'WHITE HANGING HEART T-LIGHT HOLDER', 'JUMBO BAG RED RETROSPOT'})"
0.021019502051368516,"frozenset({'JUMBO BAG WOODLAND ANIMALS', 'JUMBO SHOPPER VINTAGE RED PAISLEY'})"
0.02388579778564604,"frozenset({'JUMBO BAG WOODLAND ANIMALS', 'JUMBO STORAGE BAG SUKI'})"
0.028831562974203338,"frozenset({'JUMBO SHOPPER VINTAGE RED PAISLEY', 'JUMBO STORAGE BAG SUKI'})"
0.020513685157084245,"frozenset({'JUMBO STORAGE BAG SKULLS', 'JUMBO STORAGE BAG SUKI'})"
0.02231214522565054,"frozenset({'LUNCH BAG  BLACK SKULL.', 'LUNCH BAG APPLE DESIGN'})"
0.028269544202776373,"frozenset({'LUNCH BAG  BLACK SKULL.', 'LUNCH BAG CARS BLUE'})"
0.02933737986848761,"frozenset({'LUNCH BAG PINK POLKADOT', 'LUNCH BAG  BLACK SKULL.'})"
0.03411453942561682,"frozenset({'LUNCH BAG RED RETROSPOT', 'LUNCH BAG  BLACK SKULL.'})"
0.027145506659922443,"frozenset({'LUNCH BAG  BLACK SKULL.', 'LUNCH BAG SPACEBOY DESIGN '})"
0.028044736694205586,"frozenset({'LUNCH BAG SUKI DESIGN ', 'LUNCH BAG  BLACK SKULL.'})"
0.023660990277075255,"frozenset({'LUNCH BAG WOODLAND', 'LUNCH BAG  BLACK SKULL.'})"
0.02422300904850222,"frozenset({'LUNCH BAG RED RETROSPOT', 'LUNCH BAG APPLE DESIGN'})"
0.023492384645647166,"frozenset({'LUNCH BAG SUKI DESIGN ', 'LUNCH BAG APPLE DESIGN'})"
0.026414882257067385,"frozenset({'LUNCH BAG PINK POLKADOT', 'LUNCH BAG CARS BLUE'})"
0.02860675546563255,"frozenset({'LUNCH BAG RED RETROSPOT', 'LUNCH BAG CARS BLUE'})"
0.025515652222784242,"frozenset({'LUNCH BAG SPACEBOY DESIGN ', 'LUNCH BAG CARS BLUE'})"
0.024953633451357274,"frozenset({'LUNCH BAG SUKI DESIGN ', 'LUNCH BAG CARS BLUE'})"
0.02276176024279211,"frozenset({'LUNCH BAG WOODLAND', 'LUNCH BAG CARS BLUE'})"
0.031135839937053898,"frozenset({'LUNCH BAG PINK POLKADOT', 'LUNCH BAG RED RETROSPOT'})"
0.022143539594222446,"frozenset({'LUNCH BAG PINK POLKADOT', 'LUNCH BAG SPACEBOY DESIGN '})"
0.02191873208565166,"frozenset({'LUNCH BAG SUKI DESIGN ', 'LUNCH BAG PINK POLKADOT'})"
0.02045748327994155,"frozenset({'LUNCH BAG WOODLAND', 'LUNCH BAG PINK POLKADOT'})"
0.02815714044849098,"frozenset({'LUNCH BAG RED RETROSPOT', 'LUNCH BAG SPACEBOY DESIGN '})"
0.029000168605631427,"frozenset({'LUNCH BAG SUKI DESIGN ', 'LUNCH BAG RED RETROSPOT'})"
0.025628055977069634,"frozenset({'LUNCH BAG WOODLAND', 'LUNCH BAG RED RETROSPOT'})"
0.020288877648513462,"frozenset({'LUNCH BAG RED RETROSPOT', 'RED RETROSPOT CHARLOTTE BAG'})"
0.02388579778564604,"frozenset({'LUNCH BAG SUKI DESIGN ', 'LUNCH BAG SPACEBOY DESIGN '})"
0.02354858652278986,"frozenset({'LUNCH BAG WOODLAND', 'LUNCH BAG SPACEBOY DESIGN '})"
0.020176473894228067,"frozenset({'LUNCH BAG WOODLAND', 'LUNCH BAG SUKI DESIGN '})"
0.023042769628505592,"frozenset({'WHITE HANGING HEART T-LIGHT HOLDER', 'NATURAL SLATE HEART CHALKBOARD '})"
0.021300511437082,"frozenset({'PACK OF 60 PINK PAISLEY CAKE CASES', 'PACK OF 72 RETROSPOT CAKE CASES'})"
0.03023660990277075,"frozenset({'PAPER CHAIN KIT VINTAGE CHRISTMAS', ""PAPER CHAIN KIT 50'S CHRISTMAS ""})"
0.02045748327994155,"frozenset({'REGENCY CAKESTAND 3 TIER', 'PARTY BUNTING'})"
0.025403248468498847,"frozenset({'SPOTTY BUNTING', 'PARTY BUNTING'})"
0.021244309559939303,"frozenset({'WHITE HANGING HEART T-LIGHT HOLDER', 'PARTY BUNTING'})"
0.030686224919912325,"frozenset({'PINK REGENCY TEACUP AND SAUCER', 'ROSES REGENCY TEACUP AND SAUCER '})"
0.020850896419940427,"frozenset({'SET OF 3 CAKE TINS PANTRY DESIGN ', 'RECIPE BOX PANTRY YELLOW DESIGN'})"
0.026302478502781994,"frozenset({'WHITE HANGING HEART T-LIGHT HOLDER', 'RED HANGING HEART T-LIGHT HOLDER'})"
0.02574045973135503,"frozenset({'RED RETROSPOT CHARLOTTE BAG', 'STRAWBERRY CHARLOTTE BAG'})"
0.02422300904850222,"frozenset({'RED RETROSPOT CHARLOTTE BAG', 'WOODLAND CHARLOTTE BAG'})"
0.025515652222784242,"frozenset({'REGENCY CAKESTAND 3 TIER', 'ROSES REGENCY TEACUP AND SAUCER '})"
0.021525318945652783,"frozenset({'SET OF 3 CAKE TINS PANTRY DESIGN ', 'SET OF 6 SPICE TINS PANTRY DESIGN'})"
0.021019502051368516,"frozenset({'WOODLAND CHARLOTTE BAG', 'STRAWBERRY CHARLOTTE BAG'})"
0.022705558365649414,"frozenset({'WHITE HANGING HEART T-LIGHT HOLDER', 'WOODEN PICTURE FRAME WHITE FINISH'})"
0.029674591131343787,"frozenset({'WOODEN FRAME ANTIQUE WHITE ', 'WOODEN PICTURE FRAME WHITE FINISH'})"
0.020682290788512338,"frozenset({'WOODEN STAR CHRISTMAS SCANDINAVIAN', 'WOODEN HEART CHRISTMAS SCANDINAVIAN'})"
0.027707525431349408,"frozenset({'PINK REGENCY TEACUP AND SAUCER', 'ROSES REGENCY TEACUP AND SAUCER ', 'GREEN REGENCY TEACUP AND SAUCER'})"
0.020176473894228067,"frozenset({'REGENCY CAKESTAND 3 TIER', 'GREEN REGENCY TEACUP AND SAUCER', 'ROSES REGENCY TEACUP AND SAUCER '})"
0.020569887034226943,"frozenset({'JUMBO BAG RED RETROSPOT', 'JUMBO SHOPPER VINTAGE RED PAISLEY', 'JUMBO BAG PINK POLKADOT'})"
0.02276176024279211,"frozenset({'JUMBO BAG RED RETROSPOT', 'JUMBO STORAGE BAG SUKI', 'JUMBO BAG PINK POLKADOT'})"
0.02158152082279548,"frozenset({'JUMBO BAG RED RETROSPOT', 'JUMBO SHOPPER VINTAGE RED PAISLEY', 'JUMBO STORAGE BAG SUKI'})"
